Customer,Product,Period,Demand
0,1,1,7168.0
0,1,2,13860.0
0,1,3,23217.0
0,1,4,29980.0
0,1,5,37940.0
0,1,6,44243.0
0,1,7,49971.0
0,1,8,57780.0
0,1,9,65486.0
0,1,10,72372.0
0,2,1,5374.0
0,2,2,12082.0
0,2,3,17179.0
0,2,4,21842.0
0,2,5,29314.0
0,2,6,33850.0
0,2,7,40717.0
0,2,8,46700.0
0,2,9,51963.0
0,2,10,57574.0
0,3,1,39039.0
0,3,2,76321.0
0,3,3,103878.0
0,3,4,145923.0
0,3,5,182308.0
0,3,6,217664.0
0,3,7,249173.0
0,3,8,298783.0
0,3,9,328832.0
0,3,10,367479.0
0,4,1,6151.0
0,4,2,11132.0
0,4,3,16715.0
0,4,4,23357.0
0,4,5,27611.0
0,4,6,34061.0
0,4,7,39029.0
0,4,8,46006.0
0,4,9,50910.0
0,4,10,56094.0
1,1,1,1873.0
1,1,2,4256.0
1,1,3,5453.0
1,1,4,9345.0
1,1,5,11516.0
1,1,6,11975.0
1,1,7,15455.0
1,1,8,17414.0
1,1,9,19396.0
1,1,10,21029.0
1,2,1,2262.0
1,2,2,4098.0
1,2,3,5561.0
1,2,4,7086.0
1,2,5,8502.0
1,2,6,11286.0
1,2,7,12234.0
1,2,8,14563.0
1,2,9,16591.0
1,2,10,18959.0
1,3,1,12131.0
1,3,2,22615.0
1,3,3,31722.0
1,3,4,40228.0
1,3,5,52422.0
1,3,6,64722.0
1,3,7,82657.0
1,3,8,89033.0
1,3,9,102978.0
1,3,10,115096.0
1,4,1,809.0
1,4,2,1550.0
1,4,3,2737.0
1,4,4,3316.0
1,4,5,4709.0
1,4,6,5467.0
1,4,7,6981.0
1,4,8,7410.0
1,4,9,8684.0
1,4,10,9332.0
2,1,1,867.0
2,1,2,1636.0
2,1,3,2795.0
2,1,4,3541.0
2,1,5,4411.0
2,1,6,5531.0
2,1,7,6029.0
2,1,8,6847.0
2,1,9,7976.0
2,1,10,8750.0
2,2,1,618.0
2,2,2,1160.0
2,2,3,1990.0
2,2,4,2523.0
2,2,5,3205.0
2,2,6,3764.0
2,2,7,4270.0
2,2,8,5056.0
2,2,9,5674.0
2,2,10,6301.0
2,3,1,5249.0
2,3,2,10017.0
2,3,3,15662.0
2,3,4,20464.0
2,3,5,25589.0
2,3,6,28985.0
2,3,7,35481.0
2,3,8,40003.0
2,3,9,45849.0
2,3,10,49999.0
2,4,1,877.0
2,4,2,1821.0
2,4,3,2662.0
2,4,4,3342.0
2,4,5,4221.0
2,4,6,5239.0
2,4,7,6115.0
2,4,8,6835.0
2,4,9,7895.0
2,4,10,8602.0
3,1,1,13051.0
3,1,2,26500.0
3,1,3,38624.0
3,1,4,54514.0
3,1,5,64113.0
3,1,6,77963.0
3,1,7,87435.0
3,1,8,103348.0
3,1,9,115084.0
3,1,10,128438.0
3,2,1,10277.0
3,2,2,20336.0
3,2,3,29300.0
3,2,4,36668.0
3,2,5,50273.0
3,2,6,60753.0
3,2,7,66330.0
3,2,8,78330.0
3,2,9,87601.0
3,2,10,99223.0
3,3,1,66934.0
3,3,2,134185.0
3,3,3,209038.0
3,3,4,289158.0
3,3,5,387119.0
3,3,6,447550.0
3,3,7,503357.0
3,3,8,601404.0
3,3,9,680401.0
3,3,10,739453.0
3,4,1,11380.0
3,4,2,22984.0
3,4,3,32805.0
3,4,4,47923.0
3,4,5,60969.0
3,4,6,69404.0
3,4,7,81555.0
3,4,8,91640.0
3,4,9,103804.0
3,4,10,116240.0
4,1,1,6698.0
4,1,2,13667.0
4,1,3,22300.0
4,1,4,28343.0
4,1,5,33955.0
4,1,6,42635.0
4,1,7,48667.0
4,1,8,57032.0
4,1,9,64385.0
4,1,10,71317.0
4,2,1,5884.0
4,2,2,10004.0
4,2,3,15937.0
4,2,4,22471.0
4,2,5,28087.0
4,2,6,32794.0
4,2,7,40775.0
4,2,8,45849.0
4,2,9,49882.0
4,2,10,56145.0
4,3,1,46327.0
4,3,2,93032.0
4,3,3,144186.0
4,3,4,202371.0
4,3,5,247461.0
4,3,6,283596.0
4,3,7,363220.0
4,3,8,389930.0
4,3,9,443693.0
4,3,10,491839.0
4,4,1,6103.0
4,4,2,10752.0
4,4,3,15891.0
4,4,4,23176.0
4,4,5,27153.0
4,4,6,32410.0
4,4,7,37578.0
4,4,8,44025.0
4,4,9,49013.0
4,4,10,55083.0
5,1,1,5106.0
5,1,2,9438.0
5,1,3,14203.0
5,1,4,19797.0
5,1,5,25652.0
5,1,6,27676.0
5,1,7,35694.0
5,1,8,39437.0
5,1,9,44946.0
5,1,10,49793.0
5,2,1,3895.0
5,2,2,8773.0
5,2,3,12238.0
5,2,4,16519.0
5,2,5,22515.0
5,2,6,25130.0
5,2,7,32576.0
5,2,8,34862.0
5,2,9,39110.0
5,2,10,43857.0
5,3,1,15980.0
5,3,2,33685.0
5,3,3,50773.0
5,3,4,63077.0
5,3,5,83704.0
5,3,6,97275.0
5,3,7,117107.0
5,3,8,127024.0
5,3,9,146649.0
5,3,10,160534.0
5,4,1,3050.0
5,4,2,6959.0
5,4,3,10967.0
5,4,4,13626.0
5,4,5,17707.0
5,4,6,19527.0
5,4,7,24067.0
5,4,8,28291.0
5,4,9,30583.0
5,4,10,34186.0
6,1,1,1034.0
6,1,2,2027.0
6,1,3,3033.0
6,1,4,3935.0
6,1,5,5088.0
6,1,6,5955.0
6,1,7,6719.0
6,1,8,7817.0
6,1,9,8880.0
6,1,10,9942.0
6,2,1,876.0
6,2,2,1749.0
6,2,3,2688.0
6,2,4,3246.0
6,2,5,4381.0
6,2,6,5517.0
6,2,7,6105.0
6,2,8,6802.0
6,2,9,7712.0
6,2,10,8632.0
6,3,1,6445.0
6,3,2,11244.0
6,3,3,16105.0
6,3,4,22411.0
6,3,5,27670.0
6,3,6,33955.0
6,3,7,39582.0
6,3,8,43439.0
6,3,9,48908.0
6,3,10,55161.0
6,4,1,635.0
6,4,2,1486.0
6,4,3,1855.0
6,4,4,2610.0
6,4,5,3345.0
6,4,6,3943.0
6,4,7,4468.0
6,4,8,5280.0
6,4,9,6030.0
6,4,10,6732.0
7,1,1,2027.0
7,1,2,3262.0
7,1,3,5323.0
7,1,4,6530.0
7,1,5,9341.0
7,1,6,11363.0
7,1,7,12344.0
7,1,8,13673.0
7,1,9,15812.0
7,1,10,17879.0
7,2,1,2016.0
7,2,2,3608.0
7,2,3,4634.0
7,2,4,7809.0
7,2,5,8310.0
7,2,6,10681.0
7,2,7,11793.0
7,2,8,14763.0
7,2,9,16340.0
7,2,10,17565.0
7,3,1,6903.0
7,3,2,11730.0
7,3,3,17577.0
7,3,4,24398.0
7,3,5,27725.0
7,3,6,37323.0
7,3,7,41883.0
7,3,8,47291.0
7,3,9,53355.0
7,3,10,58323.0
7,4,1,1907.0
7,4,2,3782.0
7,4,3,7287.0
7,4,4,9841.0
7,4,5,10720.0
7,4,6,14431.0
7,4,7,15704.0
7,4,8,18147.0
7,4,9,19942.0
7,4,10,22478.0
8,1,1,2447.0
8,1,2,4609.0
8,1,3,7182.0
8,1,4,8890.0
8,1,5,10563.0
8,1,6,13323.0
8,1,7,16425.0
8,1,8,18734.0
8,1,9,20608.0
8,1,10,23070.0
8,2,1,3391.0
8,2,2,5973.0
8,2,3,8601.0
8,2,4,12955.0
8,2,5,15969.0
8,2,6,17967.0
8,2,7,21298.0
8,2,8,23912.0
8,2,9,28159.0
8,2,10,30898.0
8,3,1,17829.0
8,3,2,42905.0
8,3,3,51561.0
8,3,4,85133.0
8,3,5,104162.0
8,3,6,113794.0
8,3,7,128050.0
8,3,8,154144.0
8,3,9,174363.0
8,3,10,191817.0
8,4,1,7033.0
8,4,2,11677.0
8,4,3,20084.0
8,4,4,25861.0
8,4,5,29766.0
8,4,6,35964.0
8,4,7,46021.0
8,4,8,50448.0
8,4,9,56143.0
8,4,10,64117.0
9,1,1,521.0
9,1,2,1118.0
9,1,3,1552.0
9,1,4,2119.0
9,1,5,2833.0
9,1,6,3336.0
9,1,7,3834.0
9,1,8,4351.0
9,1,9,4871.0
9,1,10,5449.0
9,2,1,657.0
9,2,2,1454.0
9,2,3,2047.0
9,2,4,2880.0
9,2,5,3637.0
9,2,6,4148.0
9,2,7,5036.0
9,2,8,5917.0
9,2,9,6565.0
9,2,10,7152.0
9,3,1,2883.0
9,3,2,5474.0
9,3,3,8550.0
9,3,4,10970.0
9,3,5,12644.0
9,3,6,16020.0
9,3,7,19093.0
9,3,8,21087.0
9,3,9,24267.0
9,3,10,26396.0
9,4,1,504.0
9,4,2,972.0
9,4,3,1427.0
9,4,4,2027.0
9,4,5,2511.0
9,4,6,3084.0
9,4,7,3509.0
9,4,8,4102.0
9,4,9,4430.0
9,4,10,5013.0
10,1,1,868.0
10,1,2,1915.0
10,1,3,2578.0
10,1,4,3429.0
10,1,5,4438.0
10,1,6,5364.0
10,1,7,6143.0
10,1,8,6838.0
10,1,9,7731.0
10,1,10,8595.0
10,2,1,509.0
10,2,2,940.0
10,2,3,1444.0
10,2,4,1978.0
10,2,5,2418.0
10,2,6,2835.0
10,2,7,3262.0
10,2,8,3875.0
10,2,9,4442.0
10,2,10,4829.0
10,3,1,5374.0
10,3,2,10671.0
10,3,3,14971.0
10,3,4,20861.0
10,3,5,25563.0
10,3,6,30945.0
10,3,7,36305.0
10,3,8,41448.0
10,3,9,46041.0
10,3,10,51948.0
10,4,1,721.0
10,4,2,1396.0
10,4,3,2094.0
10,4,4,2786.0
10,4,5,3371.0
10,4,6,3995.0
10,4,7,4770.0
10,4,8,5545.0
10,4,9,6159.0
10,4,10,6913.0
11,1,1,324.0
11,1,2,685.0
11,1,3,976.0
11,1,4,1107.0
11,1,5,1464.0
11,1,6,1774.0
11,1,7,2199.0
11,1,8,2369.0
11,1,9,2711.0
11,1,10,3013.0
11,2,1,231.0
11,2,2,473.0
11,2,3,713.0
11,2,4,998.0
11,2,5,1118.0
11,2,6,1345.0
11,2,7,1666.0
11,2,8,1942.0
11,2,9,2107.0
11,2,10,2402.0
11,3,1,1179.0
11,3,2,2024.0
11,3,3,3291.0
11,3,4,4440.0
11,3,5,5812.0
11,3,6,6735.0
11,3,7,8325.0
11,3,8,9172.0
11,3,9,10493.0
11,3,10,11373.0
11,4,1,294.0
11,4,2,545.0
11,4,3,790.0
11,4,4,1041.0
11,4,5,1530.0
11,4,6,1763.0
11,4,7,2088.0
11,4,8,2306.0
11,4,9,2660.0
11,4,10,2854.0
12,1,1,1192.0
12,1,2,2186.0
12,1,3,3654.0
12,1,4,4331.0
12,1,5,5672.0
12,1,6,6887.0
12,1,7,7605.0
12,1,8,9118.0
12,1,9,10053.0
12,1,10,11169.0
12,2,1,756.0
12,2,2,1466.0
12,2,3,2590.0
12,2,4,3106.0
12,2,5,3963.0
12,2,6,4710.0
12,2,7,5617.0
12,2,8,6052.0
12,2,9,7093.0
12,2,10,7674.0
12,3,1,10682.0
12,3,2,20202.0
12,3,3,26865.0
12,3,4,35649.0
12,3,5,48761.0
12,3,6,57364.0
12,3,7,65750.0
12,3,8,75535.0
12,3,9,82743.0
12,3,10,93143.0
12,4,1,909.0
12,4,2,1493.0
12,4,3,2557.0
12,4,4,3159.0
12,4,5,4715.0
12,4,6,5311.0
12,4,7,5921.0
12,4,8,6846.0
12,4,9,7803.0
12,4,10,8727.0
13,1,1,463.0
13,1,2,1089.0
13,1,3,1428.0
13,1,4,2041.0
13,1,5,2465.0
13,1,6,2880.0
13,1,7,3662.0
13,1,8,3974.0
13,1,9,4517.0
13,1,10,4958.0
13,2,1,296.0
13,2,2,549.0
13,2,3,861.0
13,2,4,1015.0
13,2,5,1480.0
13,2,6,1609.0
13,2,7,1993.0
13,2,8,2140.0
13,2,9,2456.0
13,2,10,2688.0
13,3,1,1487.0
13,3,2,3488.0
13,3,3,4912.0
13,3,4,6253.0
13,3,5,7390.0
13,3,6,9423.0
13,3,7,11233.0
13,3,8,13555.0
13,3,9,14701.0
13,3,10,16339.0
13,4,1,189.0
13,4,2,402.0
13,4,3,613.0
13,4,4,817.0
13,4,5,993.0
13,4,6,1165.0
13,4,7,1325.0
13,4,8,1505.0
13,4,9,1733.0
13,4,10,1921.0
14,1,1,1050.0
14,1,2,2445.0
14,1,3,3328.0
14,1,4,4917.0
14,1,5,6033.0
14,1,6,6588.0
14,1,7,8371.0
14,1,8,9066.0
14,1,9,10317.0
14,1,10,11426.0
14,2,1,1001.0
14,2,2,1998.0
14,2,3,3261.0
14,2,4,4345.0
14,2,5,4830.0
14,2,6,5639.0
14,2,7,7132.0
14,2,8,7840.0
14,2,9,8822.0
14,2,10,9783.0
14,3,1,5734.0
14,3,2,10662.0
14,3,3,15334.0
14,3,4,19228.0
14,3,5,25701.0
14,3,6,31014.0
14,3,7,34669.0
14,3,8,42511.0
14,3,9,47803.0
14,3,10,51676.0
14,4,1,866.0
14,4,2,1922.0
14,4,3,2802.0
14,4,4,3469.0
14,4,5,4568.0
14,4,6,5633.0
14,4,7,6372.0
14,4,8,7245.0
14,4,9,7962.0
14,4,10,8991.0
15,1,1,2992.0
15,1,2,4848.0
15,1,3,7615.0
15,1,4,10921.0
15,1,5,13886.0
15,1,6,16873.0
15,1,7,19242.0
15,1,8,21309.0
15,1,9,24920.0
15,1,10,27274.0
15,2,1,2350.0
15,2,2,5241.0
15,2,3,7662.0
15,2,4,11054.0
15,2,5,12454.0
15,2,6,15712.0
15,2,7,18745.0
15,2,8,20028.0
15,2,9,24180.0
15,2,10,25879.0
15,3,1,18594.0
15,3,2,37527.0
15,3,3,60497.0
15,3,4,87432.0
15,3,5,92774.0
15,3,6,109014.0
15,3,7,145463.0
15,3,8,163964.0
15,3,9,176109.0
15,3,10,196685.0
15,4,1,4329.0
15,4,2,8355.0
15,4,3,13492.0
15,4,4,17437.0
15,4,5,22432.0
15,4,6,26973.0
15,4,7,30089.0
15,4,8,33843.0
15,4,9,40040.0
15,4,10,44216.0
16,1,1,1740.0
16,1,2,3507.0
16,1,3,5393.0
16,1,4,7040.0
16,1,5,9347.0
16,1,6,10677.0
16,1,7,12806.0
16,1,8,14454.0
16,1,9,16397.0
16,1,10,18357.0
16,2,1,1700.0
16,2,2,2915.0
16,2,3,4615.0
16,2,4,5905.0
16,2,5,7615.0
16,2,6,9495.0
16,2,7,10691.0
16,2,8,11977.0
16,2,9,13410.0
16,2,10,15334.0
16,3,1,8014.0
16,3,2,15886.0
16,3,3,23804.0
16,3,4,30816.0
16,3,5,39548.0
16,3,6,47869.0
16,3,7,52835.0
16,3,8,59468.0
16,3,9,68910.0
16,3,10,76623.0
16,4,1,1566.0
16,4,2,3636.0
16,4,3,4850.0
16,4,4,6914.0
16,4,5,8007.0
16,4,6,10557.0
16,4,7,12111.0
16,4,8,13306.0
16,4,9,15412.0
16,4,10,16714.0
17,1,1,6183.0
17,1,2,12293.0
17,1,3,18632.0
17,1,4,24738.0
17,1,5,31137.0
17,1,6,36803.0
17,1,7,43261.0
17,1,8,52080.0
17,1,9,57459.0
17,1,10,63670.0
17,2,1,7031.0
17,2,2,13832.0
17,2,3,21794.0
17,2,4,27063.0
17,2,5,37595.0
17,2,6,41106.0
17,2,7,48851.0
17,2,8,56590.0
17,2,9,62227.0
17,2,10,70070.0
17,3,1,37554.0
17,3,2,66072.0
17,3,3,101832.0
17,3,4,131504.0
17,3,5,162846.0
17,3,6,211369.0
17,3,7,234671.0
17,3,8,262690.0
17,3,9,304488.0
17,3,10,333553.0
17,4,1,7670.0
17,4,2,13050.0
17,4,3,20153.0
17,4,4,30220.0
17,4,5,34426.0
17,4,6,45617.0
17,4,7,49141.0
17,4,8,59412.0
17,4,9,64014.0
17,4,10,72955.0
18,1,1,8596.0
18,1,2,18663.0
18,1,3,29076.0
18,1,4,32438.0
18,1,5,46196.0
18,1,6,52295.0
18,1,7,58476.0
18,1,8,68202.0
18,1,9,77477.0
18,1,10,86792.0
18,2,1,5534.0
18,2,2,9478.0
18,2,3,16633.0
18,2,4,22240.0
18,2,5,27751.0
18,2,6,29956.0
18,2,7,38608.0
18,2,8,43294.0
18,2,9,49716.0
18,2,10,54243.0
18,3,1,69919.0
18,3,2,126888.0
18,3,3,200261.0
18,3,4,236243.0
18,3,5,303804.0
18,3,6,370637.0
18,3,7,432902.0
18,3,8,472072.0
18,3,9,560306.0
18,3,10,621079.0
18,4,1,9108.0
18,4,2,19445.0
18,4,3,31598.0
18,4,4,38451.0
18,4,5,45908.0
18,4,6,58696.0
18,4,7,64515.0
18,4,8,77690.0
18,4,9,86278.0
18,4,10,97268.0
19,1,1,8179.0
19,1,2,15928.0
19,1,3,23469.0
19,1,4,31687.0
19,1,5,38456.0
19,1,6,45418.0
19,1,7,55536.0
19,1,8,62880.0
19,1,9,70059.0
19,1,10,77209.0
19,2,1,5988.0
19,2,2,11730.0
19,2,3,18252.0
19,2,4,25794.0
19,2,5,32406.0
19,2,6,38353.0
19,2,7,42041.0
19,2,8,51037.0
19,2,9,56166.0
19,2,10,62927.0
19,3,1,52508.0
19,3,2,126339.0
19,3,3,184758.0
19,3,4,211527.0
19,3,5,297964.0
19,3,6,346902.0
19,3,7,396490.0
19,3,8,470945.0
19,3,9,528357.0
19,3,10,574494.0
19,4,1,5899.0
19,4,2,12073.0
19,4,3,19206.0
19,4,4,26044.0
19,4,5,31371.0
19,4,6,38627.0
19,4,7,42689.0
19,4,8,48639.0
19,4,9,56003.0
19,4,10,61581.0
20,1,1,14432.0
20,1,2,27019.0
20,1,3,41494.0
20,1,4,57660.0
20,1,5,72650.0
20,1,6,86479.0
20,1,7,99892.0
20,1,8,110887.0
20,1,9,127591.0
20,1,10,140400.0
20,2,1,9934.0
20,2,2,20997.0
20,2,3,33307.0
20,2,4,42232.0
20,2,5,54668.0
20,2,6,63817.0
20,2,7,79466.0
20,2,8,86614.0
20,2,9,100128.0
20,2,10,110523.0
20,3,1,92534.0
20,3,2,180822.0
20,3,3,268349.0
20,3,4,382813.0
20,3,5,424634.0
20,3,6,537034.0
20,3,7,630786.0
20,3,8,727412.0
20,3,9,796602.0
20,3,10,907232.0
20,4,1,9266.0
20,4,2,20085.0
20,4,3,25899.0
20,4,4,35994.0
20,4,5,47610.0
20,4,6,54282.0
20,4,7,65382.0
20,4,8,71494.0
20,4,9,80037.0
20,4,10,91157.0
21,1,1,9739.0
21,1,2,23321.0
21,1,3,34328.0
21,1,4,48958.0
21,1,5,56308.0
21,1,6,69848.0
21,1,7,75271.0
21,1,8,85442.0
21,1,9,102864.0
21,1,10,112504.0
21,2,1,5116.0
21,2,2,10766.0
21,2,3,16149.0
21,2,4,22164.0
21,2,5,29009.0
21,2,6,32522.0
21,2,7,36084.0
21,2,8,43876.0
21,2,9,49068.0
21,2,10,54140.0
21,3,1,47672.0
21,3,2,99952.0
21,3,3,162004.0
21,3,4,187792.0
21,3,5,263677.0
21,3,6,300673.0
21,3,7,342101.0
21,3,8,386628.0
21,3,9,443444.0
21,3,10,493692.0
21,4,1,7663.0
21,4,2,14594.0
21,4,3,21843.0
21,4,4,26711.0
21,4,5,35374.0
21,4,6,41084.0
21,4,7,50290.0
21,4,8,54307.0
21,4,9,61464.0
21,4,10,67598.0
22,1,1,1685.0
22,1,2,4151.0
22,1,3,5925.0
22,1,4,8332.0
22,1,5,10275.0
22,1,6,10758.0
22,1,7,13451.0
22,1,8,15381.0
22,1,9,17841.0
22,1,10,19223.0
22,2,1,774.0
22,2,2,1563.0
22,2,3,2604.0
22,2,4,2971.0
22,2,5,4408.0
22,2,6,5328.0
22,2,7,5643.0
22,2,8,6940.0
22,2,9,7674.0
22,2,10,8305.0
22,3,1,11948.0
22,3,2,20739.0
22,3,3,32673.0
22,3,4,41294.0
22,3,5,57143.0
22,3,6,62643.0
22,3,7,72518.0
22,3,8,80409.0
22,3,9,96874.0
22,3,10,105526.0
22,4,1,972.0
22,4,2,2076.0
22,4,3,2924.0
22,4,4,3827.0
22,4,5,4144.0
22,4,6,5386.0
22,4,7,6621.0
22,4,8,7310.0
22,4,9,8398.0
22,4,10,9102.0
23,1,1,5017.0
23,1,2,9722.0
23,1,3,15708.0
23,1,4,19410.0
23,1,5,26404.0
23,1,6,29328.0
23,1,7,35667.0
23,1,8,40857.0
23,1,9,47167.0
23,1,10,51299.0
23,2,1,3293.0
23,2,2,6702.0
23,2,3,9291.0
23,2,4,13220.0
23,2,5,15986.0
23,2,6,18735.0
23,2,7,22396.0
23,2,8,25665.0
23,2,9,27986.0
23,2,10,31571.0
23,3,1,44070.0
23,3,2,77818.0
23,3,3,118082.0
23,3,4,152827.0
23,3,5,192980.0
23,3,6,225976.0
23,3,7,269609.0
23,3,8,320138.0
23,3,9,352066.0
23,3,10,388046.0
23,4,1,4134.0
23,4,2,7886.0
23,4,3,11817.0
23,4,4,15231.0
23,4,5,19337.0
23,4,6,21736.0
23,4,7,27672.0
23,4,8,30896.0
23,4,9,35125.0
23,4,10,39226.0
24,1,1,4752.0
24,1,2,11938.0
24,1,3,17374.0
24,1,4,23372.0
24,1,5,28383.0
24,1,6,34296.0
24,1,7,41603.0
24,1,8,44114.0
24,1,9,52406.0
24,1,10,57305.0
24,2,1,4605.0
24,2,2,7828.0
24,2,3,13325.0
24,2,4,16814.0
24,2,5,21040.0
24,2,6,26427.0
24,2,7,30819.0
24,2,8,35886.0
24,2,9,39991.0
24,2,10,44269.0
24,3,1,17374.0
24,3,2,34114.0
24,3,3,54094.0
24,3,4,72483.0
24,3,5,86781.0
24,3,6,102207.0
24,3,7,124640.0
24,3,8,136961.0
24,3,9,159455.0
24,3,10,174942.0
24,4,1,6160.0
24,4,2,12672.0
24,4,3,17437.0
24,4,4,24209.0
24,4,5,27016.0
24,4,6,30434.0
24,4,7,40431.0
24,4,8,42596.0
24,4,9,51005.0
24,4,10,55861.0
25,1,1,196.0
25,1,2,401.0
25,1,3,591.0
25,1,4,753.0
25,1,5,953.0
25,1,6,1186.0
25,1,7,1309.0
25,1,8,1498.0
25,1,9,1755.0
25,1,10,1927.0
25,2,1,142.0
25,2,2,288.0
25,2,3,434.0
25,2,4,609.0
25,2,5,709.0
25,2,6,864.0
25,2,7,1064.0
25,2,8,1150.0
25,2,9,1296.0
25,2,10,1470.0
25,3,1,655.0
25,3,2,1380.0
25,3,3,2029.0
25,3,4,2499.0
25,3,5,3517.0
25,3,6,4162.0
25,3,7,4704.0
25,3,8,5436.0
25,3,9,5936.0
25,3,10,6659.0
25,4,1,158.0
25,4,2,306.0
25,4,3,494.0
25,4,4,661.0
25,4,5,817.0
25,4,6,997.0
25,4,7,1180.0
25,4,8,1359.0
25,4,9,1497.0
25,4,10,1694.0
26,1,1,17830.0
26,1,2,41769.0
26,1,3,64598.0
26,1,4,80428.0
26,1,5,96974.0
26,1,6,121523.0
26,1,7,135754.0
26,1,8,157586.0
26,1,9,175432.0
26,1,10,195632.0
26,2,1,18059.0
26,2,2,32556.0
26,2,3,56322.0
26,2,4,74147.0
26,2,5,90186.0
26,2,6,103294.0
26,2,7,125452.0
26,2,8,144644.0
26,2,9,160811.0
26,2,10,177955.0
26,3,1,129410.0
26,3,2,251805.0
26,3,3,428734.0
26,3,4,535976.0
26,3,5,708219.0
26,3,6,852089.0
26,3,7,926102.0
26,3,8,1101681.0
26,3,9,1262865.0
26,3,10,1371476.0
26,4,1,25911.0
26,4,2,47869.0
26,4,3,70867.0
26,4,4,93549.0
26,4,5,117910.0
26,4,6,142177.0
26,4,7,161836.0
26,4,8,187850.0
26,4,9,219380.0
26,4,10,239394.0
27,1,1,6322.0
27,1,2,14758.0
27,1,3,20111.0
27,1,4,28371.0
27,1,5,36091.0
27,1,6,43907.0
27,1,7,50755.0
27,1,8,57517.0
27,1,9,65105.0
27,1,10,71456.0
27,2,1,4152.0
27,2,2,8189.0
27,2,3,11323.0
27,2,4,17950.0
27,2,5,19803.0
27,2,6,24398.0
27,2,7,28335.0
27,2,8,31244.0
27,2,9,35698.0
27,2,10,40368.0
27,3,1,53912.0
27,3,2,107512.0
27,3,3,152892.0
27,3,4,190234.0
27,3,5,260503.0
27,3,6,313195.0
27,3,7,368888.0
27,3,8,415279.0
27,3,9,463050.0
27,3,10,509215.0
27,4,1,3394.0
27,4,2,6815.0
27,4,3,10997.0
27,4,4,15681.0
27,4,5,18386.0
27,4,6,22472.0
27,4,7,28201.0
27,4,8,31042.0
27,4,9,35147.0
27,4,10,38352.0
28,1,1,3187.0
28,1,2,6965.0
28,1,3,8466.0
28,1,4,11682.0
28,1,5,16002.0
28,1,6,18971.0
28,1,7,22350.0
28,1,8,23942.0
28,1,9,26843.0
28,1,10,30322.0
28,2,1,1798.0
28,2,2,3342.0
28,2,3,5030.0
28,2,4,7024.0
28,2,5,8506.0
28,2,6,10058.0
28,2,7,11998.0
28,2,8,13228.0
28,2,9,15412.0
28,2,10,16701.0
28,3,1,12401.0
28,3,2,22792.0
28,3,3,42497.0
28,3,4,54530.0
28,3,5,65982.0
28,3,6,74442.0
28,3,7,99714.0
28,3,8,105352.0
28,3,9,124419.0
28,3,10,134690.0
28,4,1,1489.0
28,4,2,2768.0
28,4,3,4262.0
28,4,4,5413.0
28,4,5,6780.0
28,4,6,8521.0
28,4,7,9769.0
28,4,8,11212.0
28,4,9,12334.0
28,4,10,13888.0
29,1,1,5387.0
29,1,2,9733.0
29,1,3,13570.0
29,1,4,18691.0
29,1,5,24544.0
29,1,6,27401.0
29,1,7,33795.0
29,1,8,38432.0
29,1,9,42860.0
29,1,10,48434.0
29,2,1,2552.0
29,2,2,5619.0
29,2,3,8251.0
29,2,4,10252.0
29,2,5,15184.0
29,2,6,17724.0
29,2,7,18916.0
29,2,8,22000.0
29,2,9,25489.0
29,2,10,27645.0
29,3,1,43955.0
29,3,2,91848.0
29,3,3,120156.0
29,3,4,173937.0
29,3,5,187593.0
29,3,6,232821.0
29,3,7,270395.0
29,3,8,320015.0
29,3,9,361404.0
29,3,10,408273.0
29,4,1,1874.0
29,4,2,4083.0
29,4,3,6161.0
29,4,4,7557.0
29,4,5,9921.0
29,4,6,11812.0
29,4,7,14325.0
29,4,8,16343.0
29,4,9,18199.0
29,4,10,20408.0
30,1,1,13088.0
30,1,2,24748.0
30,1,3,43690.0
30,1,4,56751.0
30,1,5,67722.0
30,1,6,82632.0
30,1,7,91691.0
30,1,8,110481.0
30,1,9,121942.0
30,1,10,136783.0
30,2,1,8637.0
30,2,2,15780.0
30,2,3,27773.0
30,2,4,35391.0
30,2,5,41819.0
30,2,6,52183.0
30,2,7,61462.0
30,2,8,71463.0
30,2,9,80524.0
30,2,10,88312.0
30,3,1,91482.0
30,3,2,190356.0
30,3,3,286156.0
30,3,4,340317.0
30,3,5,466085.0
30,3,6,555297.0
30,3,7,649578.0
30,3,8,754940.0
30,3,9,840002.0
30,3,10,935577.0
30,4,1,11647.0
30,4,2,20506.0
30,4,3,33709.0
30,4,4,42792.0
30,4,5,49912.0
30,4,6,63670.0
30,4,7,76624.0
30,4,8,85238.0
30,4,9,96573.0
30,4,10,106142.0
31,1,1,5944.0
31,1,2,12077.0
31,1,3,18469.0
31,1,4,25069.0
31,1,5,29094.0
31,1,6,35638.0
31,1,7,42804.0
31,1,8,48150.0
31,1,9,53949.0
31,1,10,59963.0
31,2,1,4393.0
31,2,2,9301.0
31,2,3,14361.0
31,2,4,19949.0
31,2,5,21931.0
31,2,6,28022.0
31,2,7,32055.0
31,2,8,38919.0
31,2,9,43237.0
31,2,10,47885.0
31,3,1,23919.0
31,3,2,46146.0
31,3,3,72750.0
31,3,4,97607.0
31,3,5,116001.0
31,3,6,141358.0
31,3,7,166128.0
31,3,8,182428.0
31,3,9,208903.0
31,3,10,236692.0
31,4,1,4729.0
31,4,2,10626.0
31,4,3,15010.0
31,4,4,20598.0
31,4,5,24510.0
31,4,6,29651.0
31,4,7,32744.0
31,4,8,39052.0
31,4,9,43870.0
31,4,10,47914.0
32,1,1,14475.0
32,1,2,27595.0
32,1,3,46119.0
32,1,4,54516.0
32,1,5,70060.0
32,1,6,85997.0
32,1,7,99615.0
32,1,8,114342.0
32,1,9,128223.0
32,1,10,143781.0
32,2,1,10050.0
32,2,2,20397.0
32,2,3,30044.0
32,2,4,39061.0
32,2,5,47875.0
32,2,6,57392.0
32,2,7,65469.0
32,2,8,77022.0
32,2,9,86479.0
32,2,10,96223.0
32,3,1,72520.0
32,3,2,147178.0
32,3,3,226104.0
32,3,4,315877.0
32,3,5,376756.0
32,3,6,461618.0
32,3,7,530261.0
32,3,8,606850.0
32,3,9,687157.0
32,3,10,753556.0
32,4,1,12066.0
32,4,2,22917.0
32,4,3,34638.0
32,4,4,48706.0
32,4,5,58067.0
32,4,6,68944.0
32,4,7,85241.0
32,4,8,91042.0
32,4,9,105271.0
32,4,10,116069.0
33,1,1,675.0
33,1,2,1544.0
33,1,3,2324.0
33,1,4,3138.0
33,1,5,3717.0
33,1,6,4470.0
33,1,7,5534.0
33,1,8,5949.0
33,1,9,6928.0
33,1,10,7612.0
33,2,1,369.0
33,2,2,891.0
33,2,3,1139.0
33,2,4,1494.0
33,2,5,2151.0
33,2,6,2546.0
33,2,7,2827.0
33,2,8,3150.0
33,2,9,3611.0
33,2,10,4018.0
33,3,1,5198.0
33,3,2,8908.0
33,3,3,14128.0
33,3,4,19967.0
33,3,5,23991.0
33,3,6,27637.0
33,3,7,33754.0
33,3,8,37166.0
33,3,9,42951.0
33,3,10,47356.0
33,4,1,749.0
33,4,2,1592.0
33,4,3,2294.0
33,4,4,2803.0
33,4,5,3811.0
33,4,6,4329.0
33,4,7,4999.0
33,4,8,5966.0
33,4,9,6607.0
33,4,10,7219.0
34,1,1,392.0
34,1,2,771.0
34,1,3,1195.0
34,1,4,1585.0
34,1,5,2021.0
34,1,6,2361.0
34,1,7,2694.0
34,1,8,3162.0
34,1,9,3481.0
34,1,10,3876.0
34,2,1,280.0
34,2,2,537.0
34,2,3,761.0
34,2,4,999.0
34,2,5,1343.0
34,2,6,1600.0
34,2,7,1837.0
34,2,8,2103.0
34,2,9,2360.0
34,2,10,2606.0
34,3,1,2157.0
34,3,2,4343.0
34,3,3,7127.0
34,3,4,9177.0
34,3,5,11028.0
34,3,6,13304.0
34,3,7,15858.0
34,3,8,18131.0
34,3,9,20061.0
34,3,10,22564.0
34,4,1,354.0
34,4,2,694.0
34,4,3,916.0
34,4,4,1282.0
34,4,5,1547.0
34,4,6,1985.0
34,4,7,2191.0
34,4,8,2591.0
34,4,9,2864.0
34,4,10,3199.0
35,1,1,1993.0
35,1,2,3776.0
35,1,3,5240.0
35,1,4,7745.0
35,1,5,9002.0
35,1,6,11331.0
35,1,7,12836.0
35,1,8,15805.0
35,1,9,17903.0
35,1,10,19373.0
35,2,1,1423.0
35,2,2,3140.0
35,2,3,4385.0
35,2,4,5709.0
35,2,5,7357.0
35,2,6,9634.0
35,2,7,11046.0
35,2,8,12185.0
35,2,9,14744.0
35,2,10,15835.0
35,3,1,14355.0
35,3,2,28508.0
35,3,3,43980.0
35,3,4,52962.0
35,3,5,68061.0
35,3,6,79539.0
35,3,7,95966.0
35,3,8,113886.0
35,3,9,129016.0
35,3,10,139665.0
35,4,1,1484.0
35,4,2,2543.0
35,4,3,3721.0
35,4,4,4622.0
35,4,5,5698.0
35,4,6,7219.0
35,4,7,8338.0
35,4,8,10888.0
35,4,9,11811.0
35,4,10,12891.0
36,1,1,36.0
36,1,2,71.0
36,1,3,96.0
36,1,4,148.0
36,1,5,175.0
36,1,6,249.0
36,1,7,258.0
36,1,8,294.0
36,1,9,338.0
36,1,10,380.0
36,2,1,39.0
36,2,2,115.0
36,2,3,157.0
36,2,4,189.0
36,2,5,228.0
36,2,6,301.0
36,2,7,367.0
36,2,8,396.0
36,2,9,454.0
36,2,10,486.0
36,3,1,226.0
36,3,2,347.0
36,3,3,655.0
36,3,4,690.0
36,3,5,1043.0
36,3,6,1225.0
36,3,7,1472.0
36,3,8,1603.0
36,3,9,1808.0
36,3,10,1976.0
36,4,1,23.0
36,4,2,56.0
36,4,3,73.0
36,4,4,98.0
36,4,5,134.0
36,4,6,169.0
36,4,7,180.0
36,4,8,234.0
36,4,9,249.0
36,4,10,277.0
37,1,1,1362.0
37,1,2,3265.0
37,1,3,4739.0
37,1,4,5886.0
37,1,5,7058.0
37,1,6,8550.0
37,1,7,11190.0
37,1,8,12503.0
37,1,9,13458.0
37,1,10,15265.0
37,2,1,647.0
37,2,2,1251.0
37,2,3,1712.0
37,2,4,2398.0
37,2,5,2904.0
37,2,6,3351.0
37,2,7,4181.0
37,2,8,4573.0
37,2,9,5264.0
37,2,10,5911.0
37,3,1,6783.0
37,3,2,16762.0
37,3,3,23865.0
37,3,4,31467.0
37,3,5,36304.0
37,3,6,48726.0
37,3,7,54617.0
37,3,8,63851.0
37,3,9,71868.0
37,3,10,78711.0
37,4,1,400.0
37,4,2,1069.0
37,4,3,1531.0
37,4,4,1988.0
37,4,5,2481.0
37,4,6,2840.0
37,4,7,3318.0
37,4,8,3888.0
37,4,9,4274.0
37,4,10,4768.0
38,1,1,6403.0
38,1,2,13069.0
38,1,3,19140.0
38,1,4,24986.0
38,1,5,33792.0
38,1,6,41103.0
38,1,7,46133.0
38,1,8,52986.0
38,1,9,59486.0
38,1,10,65624.0
38,2,1,5037.0
38,2,2,9608.0
38,2,3,16508.0
38,2,4,23020.0
38,2,5,26093.0
38,2,6,32437.0
38,2,7,38771.0
38,2,8,42343.0
38,2,9,48814.0
38,2,10,54119.0
38,3,1,47906.0
38,3,2,90777.0
38,3,3,138739.0
38,3,4,191339.0
38,3,5,220501.0
38,3,6,268426.0
38,3,7,317849.0
38,3,8,372926.0
38,3,9,408914.0
38,3,10,463696.0
38,4,1,7731.0
38,4,2,17415.0
38,4,3,23383.0
38,4,4,34005.0
38,4,5,38516.0
38,4,6,44734.0
38,4,7,55272.0
38,4,8,62954.0
38,4,9,70631.0
38,4,10,79433.0
39,1,1,1428.0
39,1,2,2606.0
39,1,3,4137.0
39,1,4,5761.0
39,1,5,6765.0
39,1,6,8006.0
39,1,7,9640.0
39,1,8,11163.0
39,1,9,12543.0
39,1,10,13858.0
39,2,1,779.0
39,2,2,1541.0
39,2,3,2280.0
39,2,4,3321.0
39,2,5,4279.0
39,2,6,4996.0
39,2,7,5676.0
39,2,8,6901.0
39,2,9,7581.0
39,2,10,8424.0
39,3,1,5977.0
39,3,2,12151.0
39,3,3,19439.0
39,3,4,26021.0
39,3,5,32201.0
39,3,6,37111.0
39,3,7,43529.0
39,3,8,50521.0
39,3,9,58408.0
39,3,10,64029.0
39,4,1,988.0
39,4,2,1630.0
39,4,3,2616.0
39,4,4,3952.0
39,4,5,4827.0
39,4,6,5628.0
39,4,7,6256.0
39,4,8,7375.0
39,4,9,8192.0
39,4,10,9340.0
40,1,1,209.0
40,1,2,428.0
40,1,3,570.0
40,1,4,764.0
40,1,5,1114.0
40,1,6,1236.0
40,1,7,1399.0
40,1,8,1682.0
40,1,9,1776.0
40,1,10,2020.0
40,2,1,87.0
40,2,2,192.0
40,2,3,278.0
40,2,4,352.0
40,2,5,408.0
40,2,6,530.0
40,2,7,618.0
40,2,8,731.0
40,2,9,795.0
40,2,10,883.0
40,3,1,955.0
40,3,2,1662.0
40,3,3,2297.0
40,3,4,2997.0
40,3,5,3913.0
40,3,6,4916.0
40,3,7,5663.0
40,3,8,6660.0
40,3,9,7317.0
40,3,10,8092.0
40,4,1,87.0
40,4,2,136.0
40,4,3,198.0
40,4,4,284.0
40,4,5,371.0
40,4,6,449.0
40,4,7,522.0
40,4,8,619.0
40,4,9,662.0
40,4,10,736.0
41,1,1,258.0
41,1,2,515.0
41,1,3,681.0
41,1,4,997.0
41,1,5,1145.0
41,1,6,1433.0
41,1,7,1717.0
41,1,8,1852.0
41,1,9,2110.0
41,1,10,2370.0
41,2,1,127.0
41,2,2,224.0
41,2,3,355.0
41,2,4,455.0
41,2,5,593.0
41,2,6,733.0
41,2,7,814.0
41,2,8,962.0
41,2,9,1044.0
41,2,10,1180.0
41,3,1,826.0
41,3,2,1572.0
41,3,3,2688.0
41,3,4,3530.0
41,3,5,4864.0
41,3,6,5286.0
41,3,7,6564.0
41,3,8,7148.0
41,3,9,8378.0
41,3,10,9098.0
41,4,1,57.0
41,4,2,121.0
41,4,3,174.0
41,4,4,235.0
41,4,5,305.0
41,4,6,369.0
41,4,7,423.0
41,4,8,489.0
41,4,9,548.0
41,4,10,605.0
42,1,1,530.0
42,1,2,1182.0
42,1,3,1785.0
42,1,4,2495.0
42,1,5,2941.0
42,1,6,3442.0
42,1,7,4132.0
42,1,8,4809.0
42,1,9,5388.0
42,1,10,5967.0
42,2,1,340.0
42,2,2,653.0
42,2,3,929.0
42,2,4,1260.0
42,2,5,1611.0
42,2,6,1868.0
42,2,7,2199.0
42,2,8,2543.0
42,2,9,2884.0
42,2,10,3180.0
42,3,1,3763.0
42,3,2,6727.0
42,3,3,10280.0
42,3,4,12864.0
42,3,5,17297.0
42,3,6,19994.0
42,3,7,24703.0
42,3,8,26910.0
42,3,9,31108.0
42,3,10,34453.0
42,4,1,400.0
42,4,2,800.0
42,4,3,1165.0
42,4,4,1622.0
42,4,5,1846.0
42,4,6,2399.0
42,4,7,2606.0
42,4,8,3070.0
42,4,9,3428.0
42,4,10,3843.0
43,1,1,2708.0
43,1,2,6526.0
43,1,3,10573.0
43,1,4,11880.0
43,1,5,17497.0
43,1,6,18719.0
43,1,7,21708.0
43,1,8,28450.0
43,1,9,30420.0
43,1,10,33623.0
43,2,1,2247.0
43,2,2,6166.0
43,2,3,9365.0
43,2,4,12179.0
43,2,5,12830.0
43,2,6,16350.0
43,2,7,19861.0
43,2,8,20836.0
43,2,9,23883.0
43,2,10,27557.0
43,3,1,23016.0
43,3,2,45002.0
43,3,3,63004.0
43,3,4,97320.0
43,3,5,108863.0
43,3,6,130941.0
43,3,7,157605.0
43,3,8,190028.0
43,3,9,216985.0
43,3,10,234676.0
43,4,1,1769.0
43,4,2,3615.0
43,4,3,6892.0
43,4,4,8539.0
43,4,5,8827.0
43,4,6,12212.0
43,4,7,15028.0
43,4,8,16852.0
43,4,9,17384.0
43,4,10,20020.0
44,1,1,11128.0
44,1,2,21295.0
44,1,3,32071.0
44,1,4,38978.0
44,1,5,51554.0
44,1,6,67144.0
44,1,7,70630.0
44,1,8,82417.0
44,1,9,92461.0
44,1,10,104123.0
44,2,1,5170.0
44,2,2,11401.0
44,2,3,14987.0
44,2,4,21366.0
44,2,5,26614.0
44,2,6,32581.0
44,2,7,40013.0
44,2,8,44617.0
44,2,9,49018.0
44,2,10,55651.0
44,3,1,85873.0
44,3,2,136075.0
44,3,3,228153.0
44,3,4,301505.0
44,3,5,404362.0
44,3,6,456208.0
44,3,7,527088.0
44,3,8,604017.0
44,3,9,667691.0
44,3,10,750174.0
44,4,1,9529.0
44,4,2,17730.0
44,4,3,26079.0
44,4,4,35187.0
44,4,5,40629.0
44,4,6,54346.0
44,4,7,60411.0
44,4,8,68690.0
44,4,9,78991.0
44,4,10,85494.0
45,1,1,16274.0
45,1,2,35451.0
45,1,3,46611.0
45,1,4,66196.0
45,1,5,78169.0
45,1,6,96072.0
45,1,7,107772.0
45,1,8,127947.0
45,1,9,144595.0
45,1,10,158319.0
45,2,1,15191.0
45,2,2,28551.0
45,2,3,41633.0
45,2,4,57279.0
45,2,5,70986.0
45,2,6,88425.0
45,2,7,103946.0
45,2,8,115717.0
45,2,9,134696.0
45,2,10,147076.0
45,3,1,73832.0
45,3,2,143606.0
45,3,3,242367.0
45,3,4,300158.0
45,3,5,377691.0
45,3,6,476044.0
45,3,7,539855.0
45,3,8,624732.0
45,3,9,686588.0
45,3,10,763928.0
45,4,1,22182.0
45,4,2,41250.0
45,4,3,62616.0
45,4,4,80620.0
45,4,5,100274.0
45,4,6,128150.0
45,4,7,148898.0
45,4,8,171300.0
45,4,9,188480.0
45,4,10,210648.0
46,1,1,5541.0
46,1,2,10820.0
46,1,3,14887.0
46,1,4,21726.0
46,1,5,27787.0
46,1,6,33211.0
46,1,7,38015.0
46,1,8,43043.0
46,1,9,48767.0
46,1,10,53445.0
46,2,1,4242.0
46,2,2,6991.0
46,2,3,11502.0
46,2,4,15160.0
46,2,5,20077.0
46,2,6,21956.0
46,2,7,28043.0
46,2,8,31777.0
46,2,9,35240.0
46,2,10,38749.0
46,3,1,51702.0
46,3,2,95362.0
46,3,3,161337.0
46,3,4,217379.0
46,3,5,245277.0
46,3,6,314287.0
46,3,7,349562.0
46,3,8,393159.0
46,3,9,462176.0
46,3,10,500768.0
46,4,1,6004.0
46,4,2,14781.0
46,4,3,18404.0
46,4,4,28191.0
46,4,5,32243.0
46,4,6,38506.0
46,4,7,43102.0
46,4,8,50503.0
46,4,9,57812.0
46,4,10,65608.0
47,1,1,18432.0
47,1,2,35226.0
47,1,3,55822.0
47,1,4,73634.0
47,1,5,94994.0
47,1,6,109659.0
47,1,7,125067.0
47,1,8,146102.0
47,1,9,161670.0
47,1,10,179862.0
47,2,1,10206.0
47,2,2,18745.0
47,2,3,30621.0
47,2,4,36444.0
47,2,5,47120.0
47,2,6,61187.0
47,2,7,69419.0
47,2,8,77485.0
47,2,9,89488.0
47,2,10,100073.0
47,3,1,94842.0
47,3,2,207894.0
47,3,3,288566.0
47,3,4,389731.0
47,3,5,475537.0
47,3,6,622032.0
47,3,7,686437.0
47,3,8,764053.0
47,3,9,887109.0
47,3,10,980311.0
47,4,1,9836.0
47,4,2,20735.0
47,4,3,29021.0
47,4,4,38051.0
47,4,5,48763.0
47,4,6,57225.0
47,4,7,64813.0
47,4,8,76219.0
47,4,9,84810.0
47,4,10,95038.0
48,1,1,693.0
48,1,2,1414.0
48,1,3,2152.0
48,1,4,2708.0
48,1,5,3434.0
48,1,6,4486.0
48,1,7,4622.0
48,1,8,5774.0
48,1,9,6165.0
48,1,10,6856.0
48,2,1,826.0
48,2,2,1483.0
48,2,3,2343.0
48,2,4,2941.0
48,2,5,3755.0
48,2,6,4767.0
48,2,7,5419.0
48,2,8,6094.0
48,2,9,6691.0
48,2,10,7672.0
48,3,1,3433.0
48,3,2,7159.0
48,3,3,9044.0
48,3,4,13681.0
48,3,5,17220.0
48,3,6,19792.0
48,3,7,22528.0
48,3,8,25113.0
48,3,9,28148.0
48,3,10,31482.0
48,4,1,797.0
48,4,2,1897.0
48,4,3,2448.0
48,4,4,3852.0
48,4,5,4747.0
48,4,6,5363.0
48,4,7,6651.0
48,4,8,7136.0
48,4,9,8079.0
48,4,10,9006.0
49,1,1,2055.0
49,1,2,4250.0
49,1,3,6834.0
49,1,4,9137.0
49,1,5,11375.0
49,1,6,13590.0
49,1,7,15079.0
49,1,8,16480.0
49,1,9,19450.0
49,1,10,21469.0
49,2,1,881.0
49,2,2,2121.0
49,2,3,2754.0
49,2,4,4101.0
49,2,5,4706.0
49,2,6,5681.0
49,2,7,6906.0
49,2,8,7481.0
49,2,9,8606.0
49,2,10,9570.0
49,3,1,12072.0
49,3,2,27244.0
49,3,3,41439.0
49,3,4,51903.0
49,3,5,69961.0
49,3,6,82789.0
49,3,7,102220.0
49,3,8,118037.0
49,3,9,127318.0
49,3,10,143423.0
49,4,1,1212.0
49,4,2,1978.0
49,4,3,3471.0
49,4,4,4726.0
49,4,5,5346.0
49,4,6,6783.0
49,4,7,7797.0
49,4,8,8646.0
49,4,9,9939.0
49,4,10,10913.0
50,1,1,490.0
50,1,2,1061.0
50,1,3,1525.0
50,1,4,2243.0
50,1,5,2820.0
50,1,6,3454.0
50,1,7,3899.0
50,1,8,4090.0
50,1,9,4911.0
50,1,10,5377.0
50,2,1,523.0
50,2,2,1159.0
50,2,3,1392.0
50,2,4,2316.0
50,2,5,2799.0
50,2,6,3287.0
50,2,7,3663.0
50,2,8,4428.0
50,2,9,4897.0
50,2,10,5405.0
50,3,1,2839.0
50,3,2,5050.0
50,3,3,9143.0
50,3,4,10849.0
50,3,5,13947.0
50,3,6,16267.0
50,3,7,19316.0
50,3,8,21927.0
50,3,9,26384.0
50,3,10,28334.0
50,4,1,434.0
50,4,2,712.0
50,4,3,1314.0
50,4,4,1776.0
50,4,5,1851.0
50,4,6,2501.0
50,4,7,2919.0
50,4,8,3327.0
50,4,9,3758.0
50,4,10,4120.0
51,1,1,2976.0
51,1,2,6144.0
51,1,3,8747.0
51,1,4,10615.0
51,1,5,14137.0
51,1,6,15802.0
51,1,7,18606.0
51,1,8,22919.0
51,1,9,24232.0
51,1,10,27787.0
51,2,1,1613.0
51,2,2,3344.0
51,2,3,5537.0
51,2,4,6804.0
51,2,5,7734.0
51,2,6,10264.0
51,2,7,11928.0
51,2,8,13667.0
51,2,9,14923.0
51,2,10,16959.0
51,3,1,15994.0
51,3,2,30935.0
51,3,3,43629.0
51,3,4,61421.0
51,3,5,75162.0
51,3,6,93818.0
51,3,7,98261.0
51,3,8,116503.0
51,3,9,130486.0
51,3,10,146981.0
51,4,1,1947.0
51,4,2,3499.0
51,4,3,4712.0
51,4,4,6718.0
51,4,5,8986.0
51,4,6,10203.0
51,4,7,11586.0
51,4,8,13813.0
51,4,9,15393.0
51,4,10,17318.0
52,1,1,17330.0
52,1,2,38075.0
52,1,3,52166.0
52,1,4,73228.0
52,1,5,91573.0
52,1,6,108825.0
52,1,7,129424.0
52,1,8,151026.0
52,1,9,168390.0
52,1,10,184271.0
52,2,1,14638.0
52,2,2,24663.0
52,2,3,45155.0
52,2,4,54635.0
52,2,5,68658.0
52,2,6,87879.0
52,2,7,93864.0
52,2,8,114244.0
52,2,9,126735.0
52,2,10,140197.0
52,3,1,90655.0
52,3,2,166433.0
52,3,3,239314.0
52,3,4,343515.0
52,3,5,434549.0
52,3,6,494046.0
52,3,7,612599.0
52,3,8,676467.0
52,3,9,764141.0
52,3,10,859366.0
52,4,1,12338.0
52,4,2,26144.0
52,4,3,39575.0
52,4,4,54354.0
52,4,5,65423.0
52,4,6,76905.0
52,4,7,89337.0
52,4,8,102818.0
52,4,9,117216.0
52,4,10,129416.0
53,1,1,4567.0
53,1,2,9380.0
53,1,3,13419.0
53,1,4,19058.0
53,1,5,23553.0
53,1,6,27661.0
53,1,7,32516.0
53,1,8,36571.0
53,1,9,41081.0
53,1,10,46119.0
53,2,1,3078.0
53,2,2,6358.0
53,2,3,9524.0
53,2,4,12618.0
53,2,5,15968.0
53,2,6,18693.0
53,2,7,22150.0
53,2,8,25148.0
53,2,9,27541.0
53,2,10,31169.0
53,3,1,28619.0
53,3,2,55032.0
53,3,3,76215.0
53,3,4,107120.0
53,3,5,139692.0
53,3,6,173171.0
53,3,7,196397.0
53,3,8,221729.0
53,3,9,245861.0
53,3,10,275346.0
53,4,1,3551.0
53,4,2,6254.0
53,4,3,11056.0
53,4,4,14461.0
53,4,5,18215.0
53,4,6,20691.0
53,4,7,23484.0
53,4,8,27405.0
53,4,9,30384.0
53,4,10,34182.0
54,1,1,16929.0
54,1,2,32857.0
54,1,3,49794.0
54,1,4,68130.0
54,1,5,80017.0
54,1,6,104272.0
54,1,7,119165.0
54,1,8,133091.0
54,1,9,152383.0
54,1,10,168513.0
54,2,1,9681.0
54,2,2,19648.0
54,2,3,30341.0
54,2,4,40324.0
54,2,5,47872.0
54,2,6,55464.0
54,2,7,66967.0
54,2,8,75457.0
54,2,9,83064.0
54,2,10,93926.0
54,3,1,105806.0
54,3,2,197768.0
54,3,3,299070.0
54,3,4,387972.0
54,3,5,470297.0
54,3,6,579050.0
54,3,7,660932.0
54,3,8,766024.0
54,3,9,875370.0
54,3,10,976148.0
54,4,1,10332.0
54,4,2,18393.0
54,4,3,27031.0
54,4,4,40718.0
54,4,5,48761.0
54,4,6,57982.0
54,4,7,70098.0
54,4,8,77038.0
54,4,9,90865.0
54,4,10,98517.0
55,1,1,875.0
55,1,2,1602.0
55,1,3,2676.0
55,1,4,3447.0
55,1,5,4334.0
55,1,6,5525.0
55,1,7,6238.0
55,1,8,7266.0
55,1,9,7788.0
55,1,10,8584.0
55,2,1,777.0
55,2,2,1362.0
55,2,3,2058.0
55,2,4,2422.0
55,2,5,3520.0
55,2,6,4200.0
55,2,7,4588.0
55,2,8,5251.0
55,2,9,6008.0
55,2,10,6543.0
55,3,1,5737.0
55,3,2,12638.0
55,3,3,16809.0
55,3,4,21347.0
55,3,5,25915.0
55,3,6,34792.0
55,3,7,40407.0
55,3,8,46778.0
55,3,9,51100.0
55,3,10,55790.0
55,4,1,545.0
55,4,2,1272.0
55,4,3,1825.0
55,4,4,2433.0
55,4,5,2991.0
55,4,6,3673.0
55,4,7,3948.0
55,4,8,4835.0
55,4,9,5283.0
55,4,10,6003.0
56,1,1,3097.0
56,1,2,6086.0
56,1,3,8734.0
56,1,4,11975.0
56,1,5,15089.0
56,1,6,17083.0
56,1,7,20152.0
56,1,8,22830.0
56,1,9,25530.0
56,1,10,29051.0
56,2,1,1504.0
56,2,2,2993.0
56,2,3,4340.0
56,2,4,5021.0
56,2,5,6831.0
56,2,6,8032.0
56,2,7,9313.0
56,2,8,11242.0
56,2,9,12158.0
56,2,10,13700.0
56,3,1,13592.0
56,3,2,31800.0
56,3,3,46178.0
56,3,4,65500.0
56,3,5,71170.0
56,3,6,87589.0
56,3,7,106237.0
56,3,8,123626.0
56,3,9,133174.0
56,3,10,151589.0
56,4,1,1702.0
56,4,2,3405.0
56,4,3,4540.0
56,4,4,6223.0
56,4,5,8033.0
56,4,6,9394.0
56,4,7,10693.0
56,4,8,12743.0
56,4,9,14651.0
56,4,10,15934.0
57,1,1,9791.0
57,1,2,17873.0
57,1,3,26167.0
57,1,4,40500.0
57,1,5,45699.0
57,1,6,57326.0
57,1,7,71088.0
57,1,8,78969.0
57,1,9,87267.0
57,1,10,97128.0
57,2,1,4506.0
57,2,2,9849.0
57,2,3,15605.0
57,2,4,19429.0
57,2,5,27035.0
57,2,6,30319.0
57,2,7,35128.0
57,2,8,41718.0
57,2,9,46786.0
57,2,10,51819.0
57,3,1,26149.0
57,3,2,55859.0
57,3,3,92598.0
57,3,4,117420.0
57,3,5,151558.0
57,3,6,175180.0
57,3,7,203537.0
57,3,8,230874.0
57,3,9,263401.0
57,3,10,298602.0
57,4,1,4361.0
57,4,2,8320.0
57,4,3,12283.0
57,4,4,16672.0
57,4,5,20287.0
57,4,6,22924.0
57,4,7,27654.0
57,4,8,33070.0
57,4,9,36069.0
57,4,10,40209.0
58,1,1,354.0
58,1,2,543.0
58,1,3,916.0
58,1,4,1195.0
58,1,5,1500.0
58,1,6,2037.0
58,1,7,2101.0
58,1,8,2424.0
58,1,9,2813.0
58,1,10,3181.0
58,2,1,106.0
58,2,2,253.0
58,2,3,409.0
58,2,4,572.0
58,2,5,685.0
58,2,6,778.0
58,2,7,949.0
58,2,8,1072.0
58,2,9,1127.0
58,2,10,1291.0
58,3,1,1387.0
58,3,2,2700.0
58,3,3,4220.0
58,3,4,6032.0
58,3,5,7530.0
58,3,6,7771.0
58,3,7,9445.0
58,3,8,11854.0
58,3,9,12803.0
58,3,10,14055.0
58,4,1,101.0
58,4,2,220.0
58,4,3,344.0
58,4,4,465.0
58,4,5,570.0
58,4,6,567.0
58,4,7,702.0
58,4,8,852.0
58,4,9,955.0
58,4,10,1029.0
59,1,1,4882.0
59,1,2,9257.0
59,1,3,12189.0
59,1,4,17228.0
59,1,5,22394.0
59,1,6,27503.0
59,1,7,31229.0
59,1,8,35090.0
59,1,9,40176.0
59,1,10,45673.0
59,2,1,1775.0
59,2,2,3142.0
59,2,3,5094.0
59,2,4,6252.0
59,2,5,8309.0
59,2,6,9500.0
59,2,7,12253.0
59,2,8,13141.0
59,2,9,15029.0
59,2,10,16867.0
59,3,1,21150.0
59,3,2,34393.0
59,3,3,53239.0
59,3,4,80195.0
59,3,5,98234.0
59,3,6,116588.0
59,3,7,126319.0
59,3,8,148287.0
59,3,9,170714.0
59,3,10,186084.0
59,4,1,1975.0
59,4,2,4101.0
59,4,3,6208.0
59,4,4,7974.0
59,4,5,10886.0
59,4,6,12963.0
59,4,7,14069.0
59,4,8,17184.0
59,4,9,19364.0
59,4,10,20982.0
60,1,1,16585.0
60,1,2,34143.0
60,1,3,50557.0
60,1,4,66286.0
60,1,5,86261.0
60,1,6,103275.0
60,1,7,116329.0
60,1,8,137038.0
60,1,9,150926.0
60,1,10,167591.0
60,2,1,11410.0
60,2,2,20393.0
60,2,3,30606.0
60,2,4,43012.0
60,2,5,51020.0
60,2,6,64306.0
60,2,7,74112.0
60,2,8,84151.0
60,2,9,96464.0
60,2,10,105557.0
60,3,1,113320.0
60,3,2,221965.0
60,3,3,331252.0
60,3,4,464458.0
60,3,5,548648.0
60,3,6,680941.0
60,3,7,766570.0
60,3,8,915423.0
60,3,9,986224.0
60,3,10,1116991.0
60,4,1,12045.0
60,4,2,23903.0
60,4,3,34301.0
60,4,4,45828.0
60,4,5,56359.0
60,4,6,67542.0
60,4,7,81698.0
60,4,8,93067.0
60,4,9,103341.0
60,4,10,116649.0
61,1,1,2964.0
61,1,2,5255.0
61,1,3,8373.0
61,1,4,10308.0
61,1,5,13936.0
61,1,6,16705.0
61,1,7,19845.0
61,1,8,22570.0
61,1,9,24591.0
61,1,10,27222.0
61,2,1,1823.0
61,2,2,3593.0
61,2,3,5352.0
61,2,4,6922.0
61,2,5,8638.0
61,2,6,9910.0
61,2,7,12025.0
61,2,8,13784.0
61,2,9,15562.0
61,2,10,17393.0
61,3,1,16457.0
61,3,2,29762.0
61,3,3,43921.0
61,3,4,59353.0
61,3,5,72043.0
61,3,6,85049.0
61,3,7,107422.0
61,3,8,122390.0
61,3,9,136300.0
61,3,10,149486.0
61,4,1,1696.0
61,4,2,3924.0
61,4,3,5687.0
61,4,4,7150.0
61,4,5,9306.0
61,4,6,10686.0
61,4,7,12506.0
61,4,8,14280.0
61,4,9,16185.0
61,4,10,17890.0
62,1,1,5411.0
62,1,2,10579.0
62,1,3,16910.0
62,1,4,21984.0
62,1,5,27571.0
62,1,6,32567.0
62,1,7,36563.0
62,1,8,41434.0
62,1,9,48053.0
62,1,10,52145.0
62,2,1,4607.0
62,2,2,8123.0
62,2,3,12604.0
62,2,4,17174.0
62,2,5,20967.0
62,2,6,24845.0
62,2,7,28195.0
62,2,8,32459.0
62,2,9,37763.0
62,2,10,41862.0
62,3,1,22522.0
62,3,2,38945.0
62,3,3,62665.0
62,3,4,76375.0
62,3,5,111441.0
62,3,6,123997.0
62,3,7,146046.0
62,3,8,172412.0
62,3,9,188919.0
62,3,10,210668.0
62,4,1,4554.0
62,4,2,8627.0
62,4,3,13280.0
62,4,4,19594.0
62,4,5,23028.0
62,4,6,26622.0
62,4,7,30422.0
62,4,8,34723.0
62,4,9,40842.0
62,4,10,45648.0
63,1,1,324.0
63,1,2,568.0
63,1,3,890.0
63,1,4,1017.0
63,1,5,1500.0
63,1,6,1776.0
63,1,7,2023.0
63,1,8,2477.0
63,1,9,2660.0
63,1,10,2935.0
63,2,1,205.0
63,2,2,339.0
63,2,3,599.0
63,2,4,696.0
63,2,5,817.0
63,2,6,987.0
63,2,7,1164.0
63,2,8,1407.0
63,2,9,1609.0
63,2,10,1793.0
63,3,1,2095.0
63,3,2,4058.0
63,3,3,6013.0
63,3,4,9406.0
63,3,5,9684.0
63,3,6,13750.0
63,3,7,16439.0
63,3,8,18176.0
63,3,9,19687.0
63,3,10,21789.0
63,4,1,219.0
63,4,2,447.0
63,4,3,640.0
63,4,4,954.0
63,4,5,1302.0
63,4,6,1346.0
63,4,7,1721.0
63,4,8,1920.0
63,4,9,2213.0
63,4,10,2454.0
64,1,1,241.0
64,1,2,571.0
64,1,3,831.0
64,1,4,1087.0
64,1,5,1180.0
64,1,6,1419.0
64,1,7,1824.0
64,1,8,1932.0
64,1,9,2283.0
64,1,10,2512.0
64,2,1,258.0
64,2,2,541.0
64,2,3,714.0
64,2,4,993.0
64,2,5,1372.0
64,2,6,1552.0
64,2,7,1887.0
64,2,8,1966.0
64,2,9,2257.0
64,2,10,2508.0
64,3,1,1104.0
64,3,2,1779.0
64,3,3,2723.0
64,3,4,3542.0
64,3,5,4327.0
64,3,6,5637.0
64,3,7,6843.0
64,3,8,7563.0
64,3,9,8615.0
64,3,10,9512.0
64,4,1,167.0
64,4,2,351.0
64,4,3,433.0
64,4,4,699.0
64,4,5,733.0
64,4,6,1056.0
64,4,7,1085.0
64,4,8,1261.0
64,4,9,1493.0
64,4,10,1659.0
65,1,1,368.0
65,1,2,706.0
65,1,3,1196.0
65,1,4,1260.0
65,1,5,1806.0
65,1,6,2091.0
65,1,7,2640.0
65,1,8,2811.0
65,1,9,3061.0
65,1,10,3518.0
65,2,1,154.0
65,2,2,250.0
65,2,3,452.0
65,2,4,576.0
65,2,5,655.0
65,2,6,864.0
65,2,7,1065.0
65,2,8,1080.0
65,2,9,1276.0
65,2,10,1430.0
65,3,1,1783.0
65,3,2,3997.0
65,3,3,5625.0
65,3,4,8106.0
65,3,5,9165.0
65,3,6,10664.0
65,3,7,12700.0
65,3,8,14804.0
65,3,9,18263.0
65,3,10,19624.0
65,4,1,189.0
65,4,2,437.0
65,4,3,558.0
65,4,4,799.0
65,4,5,1038.0
65,4,6,1112.0
65,4,7,1218.0
65,4,8,1584.0
65,4,9,1723.0
65,4,10,1869.0
66,1,1,2586.0
66,1,2,5514.0
66,1,3,8999.0
66,1,4,11807.0
66,1,5,13690.0
66,1,6,16793.0
66,1,7,18943.0
66,1,8,22382.0
66,1,9,26245.0
66,1,10,28275.0
66,2,1,2006.0
66,2,2,4121.0
66,2,3,5915.0
66,2,4,7528.0
66,2,5,10166.0
66,2,6,12051.0
66,2,7,13621.0
66,2,8,15633.0
66,2,9,17694.0
66,2,10,19724.0
66,3,1,17155.0
66,3,2,32432.0
66,3,3,49238.0
66,3,4,72502.0
66,3,5,80841.0
66,3,6,101674.0
66,3,7,124026.0
66,3,8,136733.0
66,3,9,155753.0
66,3,10,173349.0
66,4,1,2844.0
66,4,2,5021.0
66,4,3,7322.0
66,4,4,10306.0
66,4,5,11910.0
66,4,6,14682.0
66,4,7,17615.0
66,4,8,21272.0
66,4,9,23447.0
66,4,10,26136.0
67,1,1,15827.0
67,1,2,30561.0
67,1,3,47875.0
67,1,4,60502.0
67,1,5,74042.0
67,1,6,91547.0
67,1,7,107632.0
67,1,8,120902.0
67,1,9,139169.0
67,1,10,154446.0
67,2,1,6225.0
67,2,2,13425.0
67,2,3,19651.0
67,2,4,25734.0
67,2,5,32859.0
67,2,6,38511.0
67,2,7,45582.0
67,2,8,50845.0
67,2,9,56908.0
67,2,10,63646.0
67,3,1,80268.0
67,3,2,150891.0
67,3,3,226913.0
67,3,4,319962.0
67,3,5,412480.0
67,3,6,491645.0
67,3,7,563807.0
67,3,8,659556.0
67,3,9,724135.0
67,3,10,797119.0
67,4,1,8762.0
67,4,2,16161.0
67,4,3,23739.0
67,4,4,30257.0
67,4,5,38857.0
67,4,6,46983.0
67,4,7,56777.0
67,4,8,64447.0
67,4,9,71750.0
67,4,10,79216.0
68,1,1,2055.0
68,1,2,4098.0
68,1,3,7221.0
68,1,4,9428.0
68,1,5,10632.0
68,1,6,15154.0
68,1,7,16618.0
68,1,8,19063.0
68,1,9,21617.0
68,1,10,23590.0
68,2,1,1637.0
68,2,2,3506.0
68,2,3,4155.0
68,2,4,6616.0
68,2,5,7789.0
68,2,6,9058.0
68,2,7,11087.0
68,2,8,12815.0
68,2,9,14046.0
68,2,10,16071.0
68,3,1,13396.0
68,3,2,27528.0
68,3,3,39662.0
68,3,4,51033.0
68,3,5,62906.0
68,3,6,68967.0
68,3,7,88677.0
68,3,8,101210.0
68,3,9,110995.0
68,3,10,119878.0
68,4,1,1798.0
68,4,2,3473.0
68,4,3,4976.0
68,4,4,5699.0
68,4,5,8531.0
68,4,6,9460.0
68,4,7,11201.0
68,4,8,13399.0
68,4,9,14322.0
68,4,10,16088.0
69,1,1,8796.0
69,1,2,18988.0
69,1,3,27998.0
69,1,4,35339.0
69,1,5,46542.0
69,1,6,56143.0
69,1,7,67104.0
69,1,8,73472.0
69,1,9,83340.0
69,1,10,93373.0
69,2,1,4719.0
69,2,2,9265.0
69,2,3,14319.0
69,2,4,17668.0
69,2,5,23704.0
69,2,6,28630.0
69,2,7,32475.0
69,2,8,36677.0
69,2,9,41676.0
69,2,10,45526.0
69,3,1,32773.0
69,3,2,68943.0
69,3,3,98685.0
69,3,4,142355.0
69,3,5,176350.0
69,3,6,214264.0
69,3,7,236287.0
69,3,8,276183.0
69,3,9,317500.0
69,3,10,343443.0
69,4,1,3331.0
69,4,2,6719.0
69,4,3,10095.0
69,4,4,14084.0
69,4,5,17710.0
69,4,6,20638.0
69,4,7,22970.0
69,4,8,26579.0
69,4,9,31581.0
69,4,10,34146.0
70,1,1,3974.0
70,1,2,8522.0
70,1,3,12643.0
70,1,4,18382.0
70,1,5,21543.0
70,1,6,27132.0
70,1,7,30468.0
70,1,8,35516.0
70,1,9,39121.0
70,1,10,43619.0
70,2,1,3997.0
70,2,2,8518.0
70,2,3,13192.0
70,2,4,16211.0
70,2,5,19290.0
70,2,6,23601.0
70,2,7,29354.0
70,2,8,31101.0
70,2,9,36045.0
70,2,10,40106.0
70,3,1,27262.0
70,3,2,51932.0
70,3,3,75824.0
70,3,4,105186.0
70,3,5,135586.0
70,3,6,162833.0
70,3,7,194596.0
70,3,8,212035.0
70,3,9,241336.0
70,3,10,267946.0
70,4,1,4823.0
70,4,2,8620.0
70,4,3,14658.0
70,4,4,19456.0
70,4,5,23513.0
70,4,6,30169.0
70,4,7,35872.0
70,4,8,38149.0
70,4,9,44882.0
70,4,10,49093.0
71,1,1,4948.0
71,1,2,9479.0
71,1,3,13640.0
71,1,4,19246.0
71,1,5,23784.0
71,1,6,27237.0
71,1,7,33494.0
71,1,8,38074.0
71,1,9,41760.0
71,1,10,45890.0
71,2,1,3160.0
71,2,2,5863.0
71,2,3,9276.0
71,2,4,10760.0
71,2,5,12354.0
71,2,6,15517.0
71,2,7,19143.0
71,2,8,21455.0
71,2,9,24067.0
71,2,10,27252.0
71,3,1,32729.0
71,3,2,55790.0
71,3,3,98964.0
71,3,4,128690.0
71,3,5,157355.0
71,3,6,187206.0
71,3,7,219753.0
71,3,8,259352.0
71,3,9,272608.0
71,3,10,311395.0
71,4,1,3024.0
71,4,2,5764.0
71,4,3,8712.0
71,4,4,10674.0
71,4,5,13202.0
71,4,6,17182.0
71,4,7,19458.0
71,4,8,21576.0
71,4,9,25608.0
71,4,10,27850.0
72,1,1,946.0
72,1,2,1866.0
72,1,3,2804.0
72,1,4,3647.0
72,1,5,4341.0
72,1,6,5786.0
72,1,7,7145.0
72,1,8,7343.0
72,1,9,8713.0
72,1,10,9580.0
72,2,1,817.0
72,2,2,1574.0
72,2,3,2658.0
72,2,4,3475.0
72,2,5,3831.0
72,2,6,4793.0
72,2,7,5616.0
72,2,8,6692.0
72,2,9,7664.0
72,2,10,8391.0
72,3,1,3359.0
72,3,2,6786.0
72,3,3,8822.0
72,3,4,11926.0
72,3,5,16843.0
72,3,6,19844.0
72,3,7,22592.0
72,3,8,25643.0
72,3,9,30292.0
72,3,10,32578.0
72,4,1,667.0
72,4,2,1572.0
72,4,3,2644.0
72,4,4,3272.0
72,4,5,3877.0
72,4,6,4476.0
72,4,7,5744.0
72,4,8,6211.0
72,4,9,7308.0
72,4,10,7838.0
73,1,1,1347.0
73,1,2,2497.0
73,1,3,3766.0
73,1,4,5162.0
73,1,5,6786.0
73,1,6,8199.0
73,1,7,9345.0
73,1,8,10500.0
73,1,9,12037.0
73,1,10,13294.0
73,2,1,850.0
73,2,2,1694.0
73,2,3,2766.0
73,2,4,3351.0
73,2,5,4631.0
73,2,6,5199.0
73,2,7,6335.0
73,2,8,7013.0
73,2,9,7938.0
73,2,10,8895.0
73,3,1,5733.0
73,3,2,11667.0
73,3,3,16703.0
73,3,4,22771.0
73,3,5,28036.0
73,3,6,35844.0
73,3,7,39382.0
73,3,8,46232.0
73,3,9,51419.0
73,3,10,57374.0
73,4,1,865.0
73,4,2,1984.0
73,4,3,2909.0
73,4,4,3821.0
73,4,5,4660.0
73,4,6,5516.0
73,4,7,6660.0
73,4,8,7460.0
73,4,9,8344.0
73,4,10,9385.0
74,1,1,8482.0
74,1,2,16968.0
74,1,3,26372.0
74,1,4,37805.0
74,1,5,43223.0
74,1,6,56593.0
74,1,7,59131.0
74,1,8,68553.0
74,1,9,78148.0
74,1,10,86930.0
74,2,1,5338.0
74,2,2,9065.0
74,2,3,13617.0
74,2,4,20969.0
74,2,5,24796.0
74,2,6,31743.0
74,2,7,35180.0
74,2,8,40055.0
74,2,9,44128.0
74,2,10,49884.0
74,3,1,47941.0
74,3,2,98530.0
74,3,3,144598.0
74,3,4,193939.0
74,3,5,260385.0
74,3,6,317184.0
74,3,7,336893.0
74,3,8,383368.0
74,3,9,435271.0
74,3,10,500034.0
74,4,1,5014.0
74,4,2,8102.0
74,4,3,14112.0
74,4,4,17724.0
74,4,5,23774.0
74,4,6,26395.0
74,4,7,29834.0
74,4,8,35850.0
74,4,9,39488.0
74,4,10,44478.0
75,1,1,4195.0
75,1,2,8100.0
75,1,3,12659.0
75,1,4,16044.0
75,1,5,19773.0
75,1,6,25488.0
75,1,7,28006.0
75,1,8,32271.0
75,1,9,36294.0
75,1,10,40837.0
75,2,1,2531.0
75,2,2,5007.0
75,2,3,7732.0
75,2,4,11305.0
75,2,5,12548.0
75,2,6,15041.0
75,2,7,19033.0
75,2,8,21911.0
75,2,9,23377.0
75,2,10,26556.0
75,3,1,14879.0
75,3,2,29668.0
75,3,3,45635.0
75,3,4,55442.0
75,3,5,70550.0
75,3,6,87831.0
75,3,7,98418.0
75,3,8,114380.0
75,3,9,128268.0
75,3,10,142111.0
75,4,1,1931.0
75,4,2,3891.0
75,4,3,5880.0
75,4,4,7781.0
75,4,5,9345.0
75,4,6,12595.0
75,4,7,13533.0
75,4,8,16329.0
75,4,9,18066.0
75,4,10,20094.0
76,1,1,2015.0
76,1,2,3965.0
76,1,3,6766.0
76,1,4,7782.0
76,1,5,9814.0
76,1,6,12968.0
76,1,7,15300.0
76,1,8,17226.0
76,1,9,20112.0
76,1,10,21749.0
76,2,1,1721.0
76,2,2,3048.0
76,2,3,5033.0
76,2,4,5880.0
76,2,5,8661.0
76,2,6,9921.0
76,2,7,11069.0
76,2,8,12064.0
76,2,9,14349.0
76,2,10,15712.0
76,3,1,16848.0
76,3,2,29231.0
76,3,3,46699.0
76,3,4,69071.0
76,3,5,72796.0
76,3,6,102557.0
76,3,7,115803.0
76,3,8,129667.0
76,3,9,148533.0
76,3,10,161736.0
76,4,1,1975.0
76,4,2,3808.0
76,4,3,6508.0
76,4,4,8127.0
76,4,5,9852.0
76,4,6,11527.0
76,4,7,14061.0
76,4,8,16073.0
76,4,9,17823.0
76,4,10,20146.0
77,1,1,5372.0
77,1,2,10355.0
77,1,3,16677.0
77,1,4,19532.0
77,1,5,24516.0
77,1,6,28285.0
77,1,7,34378.0
77,1,8,40387.0
77,1,9,43714.0
77,1,10,49332.0
77,2,1,2075.0
77,2,2,4806.0
77,2,3,7022.0
77,2,4,9069.0
77,2,5,11538.0
77,2,6,13210.0
77,2,7,14525.0
77,2,8,17663.0
77,2,9,19439.0
77,2,10,22018.0
77,3,1,26828.0
77,3,2,57783.0
77,3,3,80922.0
77,3,4,108308.0
77,3,5,135860.0
77,3,6,166694.0
77,3,7,176185.0
77,3,8,195516.0
77,3,9,236539.0
77,3,10,258007.0
77,4,1,2248.0
77,4,2,5358.0
77,4,3,8553.0
77,4,4,9644.0
77,4,5,13729.0
77,4,6,15616.0
77,4,7,17863.0
77,4,8,20928.0
77,4,9,22393.0
77,4,10,25168.0
78,1,1,9048.0
78,1,2,17914.0
78,1,3,26479.0
78,1,4,34168.0
78,1,5,43085.0
78,1,6,54772.0
78,1,7,61669.0
78,1,8,70778.0
78,1,9,78979.0
78,1,10,88979.0
78,2,1,6715.0
78,2,2,12621.0
78,2,3,18196.0
78,2,4,25284.0
78,2,5,32189.0
78,2,6,38631.0
78,2,7,44012.0
78,2,8,50828.0
78,2,9,54464.0
78,2,10,61420.0
78,3,1,45384.0
78,3,2,97300.0
78,3,3,135250.0
78,3,4,186103.0
78,3,5,230200.0
78,3,6,285233.0
78,3,7,314305.0
78,3,8,353200.0
78,3,9,403578.0
78,3,10,454039.0
78,4,1,4690.0
78,4,2,10592.0
78,4,3,13622.0
78,4,4,20037.0
78,4,5,24217.0
78,4,6,28485.0
78,4,7,33173.0
78,4,8,39285.0
78,4,9,43017.0
78,4,10,48083.0
79,1,1,4420.0
79,1,2,10347.0
79,1,3,15206.0
79,1,4,19193.0
79,1,5,26150.0
79,1,6,30502.0
79,1,7,35647.0
79,1,8,39624.0
79,1,9,45276.0
79,1,10,50732.0
79,2,1,4199.0
79,2,2,8611.0
79,2,3,12598.0
79,2,4,19625.0
79,2,5,22851.0
79,2,6,26479.0
79,2,7,31891.0
79,2,8,36177.0
79,2,9,40122.0
79,2,10,44928.0
79,3,1,32658.0
79,3,2,74773.0
79,3,3,111990.0
79,3,4,153960.0
79,3,5,190439.0
79,3,6,231635.0
79,3,7,269988.0
79,3,8,295971.0
79,3,9,332893.0
79,3,10,365165.0
79,4,1,5859.0
79,4,2,12860.0
79,4,3,17998.0
79,4,4,24196.0
79,4,5,31037.0
79,4,6,41014.0
79,4,7,43041.0
79,4,8,51609.0
79,4,9,59525.0
79,4,10,64382.0
80,1,1,11343.0
80,1,2,24364.0
80,1,3,34707.0
80,1,4,46658.0
80,1,5,57976.0
80,1,6,70520.0
80,1,7,81491.0
80,1,8,89283.0
80,1,9,103230.0
80,1,10,114394.0
80,2,1,6530.0
80,2,2,14431.0
80,2,3,18182.0
80,2,4,25757.0
80,2,5,33026.0
80,2,6,39969.0
80,2,7,46415.0
80,2,8,51862.0
80,2,9,59615.0
80,2,10,65948.0
80,3,1,56683.0
80,3,2,117760.0
80,3,3,187603.0
80,3,4,230319.0
80,3,5,305115.0
80,3,6,360529.0
80,3,7,422540.0
80,3,8,483811.0
80,3,9,539014.0
80,3,10,595795.0
80,4,1,6858.0
80,4,2,14531.0
80,4,3,22073.0
80,4,4,28602.0
80,4,5,34400.0
80,4,6,41729.0
80,4,7,47944.0
80,4,8,55256.0
80,4,9,63072.0
80,4,10,69364.0
81,1,1,8396.0
81,1,2,15679.0
81,1,3,24859.0
81,1,4,33283.0
81,1,5,43452.0
81,1,6,50987.0
81,1,7,59645.0
81,1,8,65455.0
81,1,9,74412.0
81,1,10,82436.0
81,2,1,5760.0
81,2,2,9753.0
81,2,3,15663.0
81,2,4,21983.0
81,2,5,27017.0
81,2,6,32836.0
81,2,7,37823.0
81,2,8,40995.0
81,2,9,47652.0
81,2,10,53327.0
81,3,1,51500.0
81,3,2,102361.0
81,3,3,146028.0
81,3,4,224958.0
81,3,5,263819.0
81,3,6,328976.0
81,3,7,375239.0
81,3,8,422035.0
81,3,9,491356.0
81,3,10,543673.0
81,4,1,7511.0
81,4,2,14059.0
81,4,3,22208.0
81,4,4,29616.0
81,4,5,32802.0
81,4,6,43930.0
81,4,7,49504.0
81,4,8,57082.0
81,4,9,63091.0
81,4,10,71791.0
82,1,1,205.0
82,1,2,395.0
82,1,3,500.0
82,1,4,683.0
82,1,5,919.0
82,1,6,1102.0
82,1,7,1316.0
82,1,8,1414.0
82,1,9,1733.0
82,1,10,1862.0
82,2,1,63.0
82,2,2,144.0
82,2,3,194.0
82,2,4,302.0
82,2,5,363.0
82,2,6,452.0
82,2,7,478.0
82,2,8,583.0
82,2,9,654.0
82,2,10,709.0
82,3,1,620.0
82,3,2,1266.0
82,3,3,1530.0
82,3,4,2478.0
82,3,5,2748.0
82,3,6,3109.0
82,3,7,4152.0
82,3,8,4504.0
82,3,9,5251.0
82,3,10,5635.0
82,4,1,56.0
82,4,2,108.0
82,4,3,152.0
82,4,4,214.0
82,4,5,274.0
82,4,6,304.0
82,4,7,347.0
82,4,8,405.0
82,4,9,447.0
82,4,10,504.0
83,1,1,151.0
83,1,2,292.0
83,1,3,450.0
83,1,4,622.0
83,1,5,670.0
83,1,6,920.0
83,1,7,930.0
83,1,8,1156.0
83,1,9,1226.0
83,1,10,1396.0
83,2,1,41.0
83,2,2,94.0
83,2,3,112.0
83,2,4,174.0
83,2,5,227.0
83,2,6,279.0
83,2,7,318.0
83,2,8,353.0
83,2,9,390.0
83,2,10,437.0
83,3,1,674.0
83,3,2,1154.0
83,3,3,2251.0
83,3,4,2632.0
83,3,5,3351.0
83,3,6,4144.0
83,3,7,4942.0
83,3,8,5418.0
83,3,9,6193.0
83,3,10,6968.0
83,4,1,51.0
83,4,2,101.0
83,4,3,178.0
83,4,4,230.0
83,4,5,252.0
83,4,6,347.0
83,4,7,387.0
83,4,8,479.0
83,4,9,512.0
83,4,10,573.0
84,1,1,16920.0
84,1,2,35578.0
84,1,3,52688.0
84,1,4,71256.0
84,1,5,92715.0
84,1,6,108431.0
84,1,7,131302.0
84,1,8,147850.0
84,1,9,167550.0
84,1,10,183035.0
84,2,1,11465.0
84,2,2,21847.0
84,2,3,34755.0
84,2,4,45948.0
84,2,5,55404.0
84,2,6,68309.0
84,2,7,77667.0
84,2,8,90291.0
84,2,9,101585.0
84,2,10,113280.0
84,3,1,109930.0
84,3,2,205148.0
84,3,3,335404.0
84,3,4,452536.0
84,3,5,566438.0
84,3,6,645867.0
84,3,7,805629.0
84,3,8,879949.0
84,3,9,1015600.0
84,3,10,1108561.0
84,4,1,13227.0
84,4,2,22990.0
84,4,3,36878.0
84,4,4,48325.0
84,4,5,59122.0
84,4,6,74624.0
84,4,7,88061.0
84,4,8,98178.0
84,4,9,112535.0
84,4,10,124132.0
85,1,1,2866.0
85,1,2,6990.0
85,1,3,9450.0
85,1,4,12622.0
85,1,5,17958.0
85,1,6,20118.0
85,1,7,23356.0
85,1,8,27337.0
85,1,9,32489.0
85,1,10,35404.0
85,2,1,3054.0
85,2,2,5262.0
85,2,3,10011.0
85,2,4,11989.0
85,2,5,16000.0
85,2,6,20119.0
85,2,7,22930.0
85,2,8,24719.0
85,2,9,27722.0
85,2,10,30723.0
85,3,1,20227.0
85,3,2,47727.0
85,3,3,64574.0
85,3,4,87038.0
85,3,5,112984.0
85,3,6,117349.0
85,3,7,144844.0
85,3,8,162194.0
85,3,9,184915.0
85,3,10,213599.0
85,4,1,5952.0
85,4,2,10648.0
85,4,3,13826.0
85,4,4,22303.0
85,4,5,27976.0
85,4,6,32614.0
85,4,7,34025.0
85,4,8,41599.0
85,4,9,44272.0
85,4,10,50804.0
86,1,1,177.0
86,1,2,374.0
86,1,3,518.0
86,1,4,818.0
86,1,5,999.0
86,1,6,1240.0
86,1,7,1387.0
86,1,8,1603.0
86,1,9,1755.0
86,1,10,2020.0
86,2,1,170.0
86,2,2,368.0
86,2,3,584.0
86,2,4,778.0
86,2,5,824.0
86,2,6,1012.0
86,2,7,1269.0
86,2,8,1495.0
86,2,9,1566.0
86,2,10,1785.0
86,3,1,945.0
86,3,2,1883.0
86,3,3,3413.0
86,3,4,4448.0
86,3,5,4910.0
86,3,6,6259.0
86,3,7,6976.0
86,3,8,7882.0
86,3,9,9027.0
86,3,10,10404.0
86,4,1,187.0
86,4,2,330.0
86,4,3,522.0
86,4,4,746.0
86,4,5,922.0
86,4,6,1117.0
86,4,7,1126.0
86,4,8,1316.0
86,4,9,1561.0
86,4,10,1721.0
87,1,1,15967.0
87,1,2,34293.0
87,1,3,51240.0
87,1,4,66403.0
87,1,5,86497.0
87,1,6,103201.0
87,1,7,115387.0
87,1,8,135263.0
87,1,9,155168.0
87,1,10,170289.0
87,2,1,12216.0
87,2,2,23911.0
87,2,3,33608.0
87,2,4,43855.0
87,2,5,58196.0
87,2,6,66243.0
87,2,7,80294.0
87,2,8,91324.0
87,2,9,104942.0
87,2,10,114879.0
87,3,1,68639.0
87,3,2,150767.0
87,3,3,206089.0
87,3,4,312644.0
87,3,5,373806.0
87,3,6,438915.0
87,3,7,517498.0
87,3,8,609169.0
87,3,9,672913.0
87,3,10,750662.0
87,4,1,13483.0
87,4,2,22854.0
87,4,3,35914.0
87,4,4,46338.0
87,4,5,55397.0
87,4,6,71227.0
87,4,7,82625.0
87,4,8,95397.0
87,4,9,105683.0
87,4,10,116599.0
88,1,1,6327.0
88,1,2,12910.0
88,1,3,19700.0
88,1,4,26912.0
88,1,5,32083.0
88,1,6,39702.0
88,1,7,45604.0
88,1,8,51327.0
88,1,9,57485.0
88,1,10,64138.0
88,2,1,4540.0
88,2,2,8188.0
88,2,3,10648.0
88,2,4,15467.0
88,2,5,21352.0
88,2,6,25275.0
88,2,7,28639.0
88,2,8,31580.0
88,2,9,36129.0
88,2,10,39988.0
88,3,1,50519.0
88,3,2,97057.0
88,3,3,140277.0
88,3,4,193384.0
88,3,5,239286.0
88,3,6,284525.0
88,3,7,310733.0
88,3,8,364718.0
88,3,9,388361.0
88,3,10,442076.0
88,4,1,5208.0
88,4,2,10258.0
88,4,3,15403.0
88,4,4,21502.0
88,4,5,25468.0
88,4,6,33583.0
88,4,7,35954.0
88,4,8,43264.0
88,4,9,47083.0
88,4,10,52312.0
89,1,1,1847.0
89,1,2,4418.0
89,1,3,6191.0
89,1,4,9098.0
89,1,5,10490.0
89,1,6,13293.0
89,1,7,14697.0
89,1,8,16351.0
89,1,9,18749.0
89,1,10,21561.0
89,2,1,3092.0
89,2,2,5699.0
89,2,3,9710.0
89,2,4,11976.0
89,2,5,12868.0
89,2,6,16204.0
89,2,7,20417.0
89,2,8,22641.0
89,2,9,25432.0
89,2,10,28622.0
89,3,1,14785.0
89,3,2,35166.0
89,3,3,43607.0
89,3,4,74911.0
89,3,5,92205.0
89,3,6,104599.0
89,3,7,119447.0
89,3,8,130963.0
89,3,9,149370.0
89,3,10,172194.0
89,4,1,1834.0
89,4,2,3305.0
89,4,3,6095.0
89,4,4,8287.0
89,4,5,9766.0
89,4,6,10719.0
89,4,7,13985.0
89,4,8,14390.0
89,4,9,16770.0
89,4,10,18961.0
90,1,1,3736.0
90,1,2,7544.0
90,1,3,11648.0
90,1,4,16457.0
90,1,5,18767.0
90,1,6,21568.0
90,1,7,27953.0
90,1,8,30056.0
90,1,9,34424.0
90,1,10,38163.0
90,2,1,2356.0
90,2,2,5525.0
90,2,3,7997.0
90,2,4,9758.0
90,2,5,12278.0
90,2,6,15851.0
90,2,7,17282.0
90,2,8,20172.0
90,2,9,22450.0
90,2,10,25608.0
90,3,1,25514.0
90,3,2,57065.0
90,3,3,84264.0
90,3,4,110264.0
90,3,5,136449.0
90,3,6,167217.0
90,3,7,177946.0
90,3,8,211685.0
90,3,9,240493.0
90,3,10,266977.0
90,4,1,3232.0
90,4,2,6498.0
90,4,3,9472.0
90,4,4,13469.0
90,4,5,15882.0
90,4,6,19069.0
90,4,7,23759.0
90,4,8,27655.0
90,4,9,31410.0
90,4,10,34046.0
91,1,1,10430.0
91,1,2,18352.0
91,1,3,24902.0
91,1,4,35208.0
91,1,5,46603.0
91,1,6,58286.0
91,1,7,63275.0
91,1,8,76046.0
91,1,9,84158.0
91,1,10,93692.0
91,2,1,5294.0
91,2,2,12461.0
91,2,3,18041.0
91,2,4,24533.0
91,2,5,27946.0
91,2,6,31648.0
91,2,7,40365.0
91,2,8,43052.0
91,2,9,48926.0
91,2,10,55507.0
91,3,1,63440.0
91,3,2,113581.0
91,3,3,175115.0
91,3,4,219928.0
91,3,5,277664.0
91,3,6,334229.0
91,3,7,403062.0
91,3,8,438031.0
91,3,9,504903.0
91,3,10,549539.0
91,4,1,4739.0
91,4,2,8949.0
91,4,3,13614.0
91,4,4,19612.0
91,4,5,23317.0
91,4,6,30305.0
91,4,7,35050.0
91,4,8,41189.0
91,4,9,45318.0
91,4,10,49811.0
92,1,1,2028.0
92,1,2,4408.0
92,1,3,6578.0
92,1,4,8297.0
92,1,5,10746.0
92,1,6,12191.0
92,1,7,14929.0
92,1,8,17021.0
92,1,9,18995.0
92,1,10,21045.0
92,2,1,1481.0
92,2,2,2931.0
92,2,3,5533.0
92,2,4,5729.0
92,2,5,8744.0
92,2,6,9157.0
92,2,7,11671.0
92,2,8,12925.0
92,2,9,14654.0
92,2,10,16477.0
92,3,1,12045.0
92,3,2,20617.0
92,3,3,30807.0
92,3,4,41246.0
92,3,5,58007.0
92,3,6,71747.0
92,3,7,79819.0
92,3,8,85056.0
92,3,9,98094.0
92,3,10,110138.0
92,4,1,823.0
92,4,2,2352.0
92,4,3,2853.0
92,4,4,4532.0
92,4,5,5479.0
92,4,6,5942.0
92,4,7,7464.0
92,4,8,7959.0
92,4,9,9170.0
92,4,10,10185.0
93,1,1,279.0
93,1,2,566.0
93,1,3,853.0
93,1,4,1111.0
93,1,5,1355.0
93,1,6,1653.0
93,1,7,2072.0
93,1,8,2289.0
93,1,9,2583.0
93,1,10,2866.0
93,2,1,239.0
93,2,2,443.0
93,2,3,674.0
93,2,4,960.0
93,2,5,1184.0
93,2,6,1431.0
93,2,7,1712.0
93,2,8,2003.0
93,2,9,2251.0
93,2,10,2423.0
93,3,1,1452.0
93,3,2,2665.0
93,3,3,4031.0
93,3,4,5186.0
93,3,5,6631.0
93,3,6,7666.0
93,3,7,9278.0
93,3,8,10589.0
93,3,9,11644.0
93,3,10,12962.0
93,4,1,208.0
93,4,2,362.0
93,4,3,603.0
93,4,4,819.0
93,4,5,962.0
93,4,6,1182.0
93,4,7,1380.0
93,4,8,1589.0
93,4,9,1736.0
93,4,10,1985.0
94,1,1,266.0
94,1,2,481.0
94,1,3,689.0
94,1,4,973.0
94,1,5,1241.0
94,1,6,1468.0
94,1,7,1683.0
94,1,8,1923.0
94,1,9,2160.0
94,1,10,2383.0
94,2,1,139.0
94,2,2,288.0
94,2,3,376.0
94,2,4,493.0
94,2,5,668.0
94,2,6,833.0
94,2,7,967.0
94,2,8,1075.0
94,2,9,1250.0
94,2,10,1381.0
94,3,1,1258.0
94,3,2,2462.0
94,3,3,3687.0
94,3,4,5009.0
94,3,5,6091.0
94,3,6,7588.0
94,3,7,8511.0
94,3,8,9376.0
94,3,9,11034.0
94,3,10,12268.0
94,4,1,158.0
94,4,2,301.0
94,4,3,507.0
94,4,4,599.0
94,4,5,769.0
94,4,6,960.0
94,4,7,1141.0
94,4,8,1263.0
94,4,9,1401.0
94,4,10,1577.0
95,1,1,1480.0
95,1,2,2637.0
95,1,3,3535.0
95,1,4,5845.0
95,1,5,7270.0
95,1,6,7415.0
95,1,7,9524.0
95,1,8,11263.0
95,1,9,12010.0
95,1,10,13490.0
95,2,1,1186.0
95,2,2,2211.0
95,2,3,3906.0
95,2,4,4585.0
95,2,5,5325.0
95,2,6,6623.0
95,2,7,8252.0
95,2,8,9300.0
95,2,9,10766.0
95,2,10,11754.0
95,3,1,6178.0
95,3,2,12276.0
95,3,3,20282.0
95,3,4,25992.0
95,3,5,36458.0
95,3,6,41207.0
95,3,7,49465.0
95,3,8,57764.0
95,3,9,61470.0
95,3,10,69996.0
95,4,1,918.0
95,4,2,1623.0
95,4,3,2529.0
95,4,4,3161.0
95,4,5,4174.0
95,4,6,4642.0
95,4,7,5354.0
95,4,8,6503.0
95,4,9,7341.0
95,4,10,8024.0
96,1,1,364.0
96,1,2,913.0
96,1,3,1191.0
96,1,4,1964.0
96,1,5,2437.0
96,1,6,2869.0
96,1,7,3059.0
96,1,8,3823.0
96,1,9,3922.0
96,1,10,4511.0
96,2,1,321.0
96,2,2,722.0
96,2,3,793.0
96,2,4,1201.0
96,2,5,1714.0
96,2,6,1929.0
96,2,7,2276.0
96,2,8,2455.0
96,2,9,2924.0
96,2,10,3132.0
96,3,1,1227.0
96,3,2,2380.0
96,3,3,3112.0
96,3,4,4280.0
96,3,5,5581.0
96,3,6,6616.0
96,3,7,7997.0
96,3,8,8801.0
96,3,9,10023.0
96,3,10,11478.0
96,4,1,145.0
96,4,2,233.0
96,4,3,443.0
96,4,4,483.0
96,4,5,659.0
96,4,6,834.0
96,4,7,950.0
96,4,8,1014.0
96,4,9,1187.0
96,4,10,1329.0
97,1,1,12076.0
97,1,2,22896.0
97,1,3,38297.0
97,1,4,47809.0
97,1,5,63006.0
97,1,6,71627.0
97,1,7,84157.0
97,1,8,97312.0
97,1,9,111666.0
97,1,10,124110.0
97,2,1,11483.0
97,2,2,22798.0
97,2,3,31380.0
97,2,4,41223.0
97,2,5,55193.0
97,2,6,63484.0
97,2,7,75070.0
97,2,8,86942.0
97,2,9,99667.0
97,2,10,109971.0
97,3,1,59065.0
97,3,2,118872.0
97,3,3,161960.0
97,3,4,224833.0
97,3,5,284570.0
97,3,6,337801.0
97,3,7,426934.0
97,3,8,464251.0
97,3,9,540627.0
97,3,10,598257.0
97,4,1,14588.0
97,4,2,32235.0
97,4,3,45523.0
97,4,4,63660.0
97,4,5,76573.0
97,4,6,96132.0
97,4,7,109485.0
97,4,8,124483.0
97,4,9,139068.0
97,4,10,155354.0
98,1,1,3335.0
98,1,2,6792.0
98,1,3,10203.0
98,1,4,14397.0
98,1,5,16167.0
98,1,6,18729.0
98,1,7,25809.0
98,1,8,28204.0
98,1,9,30139.0
98,1,10,34274.0
98,2,1,1970.0
98,2,2,3869.0
98,2,3,4775.0
98,2,4,7104.0
98,2,5,8718.0
98,2,6,10120.0
98,2,7,13049.0
98,2,8,13695.0
98,2,9,15878.0
98,2,10,17873.0
98,3,1,18608.0
98,3,2,35961.0
98,3,3,56893.0
98,3,4,76837.0
98,3,5,113293.0
98,3,6,132280.0
98,3,7,143586.0
98,3,8,157836.0
98,3,9,188936.0
98,3,10,208180.0
98,4,1,1707.0
98,4,2,4239.0
98,4,3,5797.0
98,4,4,6527.0
98,4,5,8190.0
98,4,6,10704.0
98,4,7,12798.0
98,4,8,13908.0
98,4,9,16093.0
98,4,10,18444.0
99,1,1,13655.0
99,1,2,24250.0
99,1,3,36392.0
99,1,4,52929.0
99,1,5,60279.0
99,1,6,77763.0
99,1,7,85164.0
99,1,8,100173.0
99,1,9,115999.0
99,1,10,127506.0
99,2,1,8931.0
99,2,2,17574.0
99,2,3,28226.0
99,2,4,37610.0
99,2,5,42212.0
99,2,6,57482.0
99,2,7,63240.0
99,2,8,75242.0
99,2,9,82683.0
99,2,10,92794.0
99,3,1,83580.0
99,3,2,177825.0
99,3,3,323961.0
99,3,4,375880.0
99,3,5,459222.0
99,3,6,547271.0
99,3,7,681546.0
99,3,8,776646.0
99,3,9,842803.0
99,3,10,953277.0
99,4,1,8599.0
99,4,2,19214.0
99,4,3,24267.0
99,4,4,36470.0
99,4,5,42990.0
99,4,6,54353.0
99,4,7,62466.0
99,4,8,68731.0
99,4,9,79549.0
99,4,10,89271.0
